-- phpMyAdmin SQL Dump
-- version 5.2.1
-- https://www.phpmyadmin.net/
--
-- Host: 127.0.0.1
-- Generation Time: Nov 12, 2023 at 10:31 AM
-- Server version: 10.4.28-MariaDB
-- PHP Version: 8.2.4

SET SQL_MODE = "NO_AUTO_VALUE_ON_ZERO";
START TRANSACTION;
SET time_zone = "+00:00";


/*!40101 SET @OLD_CHARACTER_SET_CLIENT=@@CHARACTER_SET_CLIENT */;
/*!40101 SET @OLD_CHARACTER_SET_RESULTS=@@CHARACTER_SET_RESULTS */;
/*!40101 SET @OLD_COLLATION_CONNECTION=@@COLLATION_CONNECTION */;
/*!40101 SET NAMES utf8mb4 */;

--
-- Database: `quan_ly_tien_luong`
--

-- --------------------------------------------------------

--
-- Table structure for table `cham_cong`
--

CREATE TABLE `cham_cong` (
  `MaCong` varchar(12) NOT NULL,
  `MaNV` varchar(10) NOT NULL,
  `TinhTrang` bit(1) NOT NULL,
  `Ngay` date NOT NULL,
  `NghiHL` bit(1) NOT NULL
) ENGINE=InnoDB DEFAULT CHARSET=utf8 COLLATE=utf8_general_ci;

--
-- Dumping data for table `cham_cong`
--

INSERT INTO `cham_cong` (`MaCong`, `MaNV`, `TinhTrang`, `Ngay`, `NghiHL`) VALUES
('C20230801001', 'NV001', b'1', '2023-08-01', b'0'),
('C20230801002', 'NV002', b'1', '2023-08-01', b'0'),
('C20230801003', 'NV003', b'1', '2023-08-01', b'0'),
('C20230801004', 'NV004', b'1', '2023-08-01', b'0'),
('C20230801005', 'NV005', b'1', '2023-08-01', b'0'),
('C20230801006', 'NV006', b'1', '2023-08-01', b'0'),
('C20230801007', 'NV007', b'1', '2023-08-01', b'0'),
('C20230801008', 'NV008', b'1', '2023-08-01', b'0'),
('C20230801009', 'NV009', b'1', '2023-08-01', b'0'),
('C20230801010', 'NV010', b'1', '2023-08-01', b'0'),
('C20230801011', 'NV011', b'1', '2023-08-01', b'0'),
('C20230801012', 'NV012', b'1', '2023-08-01', b'0'),
('C20230801013', 'NV013', b'1', '2023-08-01', b'0'),
('C20230801014', 'NV014', b'1', '2023-08-01', b'0'),
('C20230801015', 'NV015', b'1', '2023-08-01', b'0'),
('C20230801016', 'NV016', b'1', '2023-08-01', b'0'),
('C20230801017', 'NV017', b'1', '2023-08-01', b'0'),
('C20230801018', 'NV018', b'1', '2023-08-01', b'0'),
('C20230801019', 'NV019', b'1', '2023-08-01', b'0'),
('C20230801020', 'NV020', b'1', '2023-08-01', b'0'),
('C20230801021', 'NV021', b'1', '2023-08-01', b'0'),
('C20230801022', 'NV022', b'1', '2023-08-01', b'0'),
('C20230801023', 'NV023', b'1', '2023-08-01', b'0'),
('C20230801024', 'NV024', b'1', '2023-08-01', b'0'),
('C20230801025', 'NV025', b'1', '2023-08-01', b'0'),
('C20230801026', 'NV026', b'1', '2023-08-01', b'0'),
('C20230801027', 'NV027', b'1', '2023-08-01', b'0'),
('C20230801028', 'NV028', b'1', '2023-08-01', b'0'),
('C20230801029', 'NV029', b'1', '2023-08-01', b'0'),
('C20230801030', 'NV030', b'1', '2023-08-01', b'0'),
('C20230801031', 'NV031', b'1', '2023-08-01', b'0'),
('C20230801032', 'NV032', b'1', '2023-08-01', b'0'),
('C20230801033', 'NV033', b'1', '2023-08-01', b'0'),
('C20230801034', 'NV034', b'1', '2023-08-01', b'0'),
('C20230801035', 'NV035', b'1', '2023-08-01', b'0'),
('C20230801036', 'NV036', b'1', '2023-08-01', b'0'),
('C20230801037', 'NV037', b'1', '2023-08-01', b'0'),
('C20230802001', 'NV001', b'1', '2023-08-02', b'0'),
('C20230802002', 'NV002', b'1', '2023-08-02', b'0'),
('C20230802003', 'NV003', b'1', '2023-08-02', b'0'),
('C20230802004', 'NV004', b'1', '2023-08-02', b'0'),
('C20230802005', 'NV005', b'1', '2023-08-02', b'0'),
('C20230802006', 'NV006', b'1', '2023-08-02', b'0'),
('C20230802007', 'NV007', b'1', '2023-08-02', b'0'),
('C20230802008', 'NV008', b'0', '2023-08-02', b'0'),
('C20230802009', 'NV009', b'1', '2023-08-02', b'0'),
('C20230802010', 'NV010', b'1', '2023-08-02', b'0'),
('C20230802011', 'NV011', b'1', '2023-08-02', b'0'),
('C20230802012', 'NV012', b'1', '2023-08-02', b'0'),
('C20230802013', 'NV013', b'1', '2023-08-02', b'0'),
('C20230802014', 'NV014', b'1', '2023-08-02', b'0'),
('C20230802015', 'NV015', b'1', '2023-08-02', b'0'),
('C20230802016', 'NV016', b'1', '2023-08-02', b'0'),
('C20230802017', 'NV017', b'1', '2023-08-02', b'0'),
('C20230802018', 'NV018', b'1', '2023-08-02', b'0'),
('C20230802019', 'NV019', b'0', '2023-08-02', b'0'),
('C20230802020', 'NV020', b'1', '2023-08-02', b'0'),
('C20230802021', 'NV021', b'1', '2023-08-02', b'0'),
('C20230802022', 'NV022', b'1', '2023-08-02', b'0'),
('C20230802023', 'NV023', b'1', '2023-08-02', b'0'),
('C20230802024', 'NV024', b'1', '2023-08-02', b'0'),
('C20230802025', 'NV025', b'1', '2023-08-02', b'0'),
('C20230802026', 'NV026', b'1', '2023-08-02', b'0'),
('C20230802027', 'NV027', b'1', '2023-08-02', b'0'),
('C20230802028', 'NV028', b'1', '2023-08-02', b'0'),
('C20230802029', 'NV029', b'1', '2023-08-02', b'0'),
('C20230802030', 'NV030', b'1', '2023-08-02', b'0'),
('C20230802031', 'NV031', b'1', '2023-08-02', b'0'),
('C20230802032', 'NV032', b'1', '2023-08-02', b'0'),
('C20230802033', 'NV033', b'1', '2023-08-02', b'0'),
('C20230802034', 'NV034', b'0', '2023-08-02', b'0'),
('C20230802035', 'NV035', b'1', '2023-08-02', b'0'),
('C20230802036', 'NV036', b'1', '2023-08-02', b'0'),
('C20230802037', 'NV037', b'1', '2023-08-02', b'0'),
('C20230803001', 'NV001', b'1', '2023-08-03', b'0'),
('C20230803002', 'NV002', b'1', '2023-08-03', b'0'),
('C20230803003', 'NV003', b'1', '2023-08-03', b'0'),
('C20230803004', 'NV004', b'1', '2023-08-03', b'0'),
('C20230803005', 'NV005', b'1', '2023-08-03', b'0'),
('C20230803006', 'NV006', b'1', '2023-08-03', b'0'),
('C20230803007', 'NV007', b'1', '2023-08-03', b'0'),
('C20230803008', 'NV008', b'1', '2023-08-03', b'0'),
('C20230803009', 'NV009', b'1', '2023-08-03', b'0'),
('C20230803010', 'NV010', b'1', '2023-08-03', b'0'),
('C20230803011', 'NV011', b'1', '2023-08-03', b'0'),
('C20230803012', 'NV012', b'1', '2023-08-03', b'0'),
('C20230803013', 'NV013', b'1', '2023-08-03', b'0'),
('C20230803014', 'NV014', b'1', '2023-08-03', b'0'),
('C20230803015', 'NV015', b'1', '2023-08-03', b'0'),
('C20230803016', 'NV016', b'1', '2023-08-03', b'0'),
('C20230803017', 'NV017', b'1', '2023-08-03', b'0'),
('C20230803018', 'NV018', b'1', '2023-08-03', b'0'),
('C20230803019', 'NV019', b'1', '2023-08-03', b'0'),
('C20230803020', 'NV020', b'1', '2023-08-03', b'0'),
('C20230803021', 'NV021', b'1', '2023-08-03', b'0'),
('C20230803022', 'NV022', b'1', '2023-08-03', b'0'),
('C20230803023', 'NV023', b'1', '2023-08-03', b'0'),
('C20230803024', 'NV024', b'1', '2023-08-03', b'0'),
('C20230803025', 'NV025', b'1', '2023-08-03', b'0'),
('C20230803026', 'NV026', b'1', '2023-08-03', b'0'),
('C20230803027', 'NV027', b'1', '2023-08-03', b'0'),
('C20230803028', 'NV028', b'1', '2023-08-03', b'0'),
('C20230803029', 'NV029', b'1', '2023-08-03', b'0'),
('C20230803030', 'NV030', b'1', '2023-08-03', b'0'),
('C20230803031', 'NV031', b'1', '2023-08-03', b'0'),
('C20230803032', 'NV032', b'1', '2023-08-03', b'0'),
('C20230803033', 'NV033', b'1', '2023-08-03', b'0'),
('C20230803034', 'NV034', b'1', '2023-08-03', b'0'),
('C20230803035', 'NV035', b'1', '2023-08-03', b'0'),
('C20230803036', 'NV036', b'1', '2023-08-03', b'0'),
('C20230803037', 'NV037', b'1', '2023-08-03', b'0'),
('C20230804001', 'NV001', b'1', '2023-08-04', b'0'),
('C20230804002', 'NV002', b'1', '2023-08-04', b'0'),
('C20230804003', 'NV003', b'1', '2023-08-04', b'0'),
('C20230804004', 'NV004', b'1', '2023-08-04', b'0'),
('C20230804005', 'NV005', b'1', '2023-08-04', b'0'),
('C20230804006', 'NV006', b'1', '2023-08-04', b'0'),
('C20230804007', 'NV007', b'1', '2023-08-04', b'0'),
('C20230804008', 'NV008', b'1', '2023-08-04', b'0'),
('C20230804009', 'NV009', b'1', '2023-08-04', b'0'),
('C20230804010', 'NV010', b'1', '2023-08-04', b'0'),
('C20230804011', 'NV011', b'1', '2023-08-04', b'0'),
('C20230804012', 'NV012', b'1', '2023-08-04', b'0'),
('C20230804013', 'NV013', b'1', '2023-08-04', b'0'),
('C20230804014', 'NV014', b'1', '2023-08-04', b'0'),
('C20230804015', 'NV015', b'1', '2023-08-04', b'0'),
('C20230804016', 'NV016', b'1', '2023-08-04', b'0'),
('C20230804017', 'NV017', b'1', '2023-08-04', b'0'),
('C20230804018', 'NV018', b'1', '2023-08-04', b'0'),
('C20230804019', 'NV019', b'1', '2023-08-04', b'0'),
('C20230804020', 'NV020', b'1', '2023-08-04', b'0'),
('C20230804021', 'NV021', b'1', '2023-08-04', b'0'),
('C20230804022', 'NV022', b'1', '2023-08-04', b'0'),
('C20230804023', 'NV023', b'1', '2023-08-04', b'0'),
('C20230804024', 'NV024', b'1', '2023-08-04', b'0'),
('C20230804025', 'NV025', b'1', '2023-08-04', b'0'),
('C20230804026', 'NV026', b'1', '2023-08-04', b'0'),
('C20230804027', 'NV027', b'1', '2023-08-04', b'0'),
('C20230804028', 'NV028', b'1', '2023-08-04', b'0'),
('C20230804029', 'NV029', b'1', '2023-08-04', b'0'),
('C20230804030', 'NV030', b'1', '2023-08-04', b'0'),
('C20230804031', 'NV031', b'1', '2023-08-04', b'0'),
('C20230804032', 'NV032', b'1', '2023-08-04', b'0'),
('C20230804033', 'NV033', b'1', '2023-08-04', b'0'),
('C20230804034', 'NV034', b'1', '2023-08-04', b'0'),
('C20230804035', 'NV035', b'1', '2023-08-04', b'0'),
('C20230804036', 'NV036', b'1', '2023-08-04', b'0'),
('C20230804037', 'NV037', b'1', '2023-08-04', b'0'),
('C20230805001', 'NV001', b'1', '2023-08-05', b'0'),
('C20230805002', 'NV002', b'1', '2023-08-05', b'0'),
('C20230805003', 'NV003', b'1', '2023-08-05', b'0'),
('C20230805004', 'NV004', b'0', '2023-08-05', b'0'),
('C20230805005', 'NV005', b'1', '2023-08-05', b'0'),
('C20230805006', 'NV006', b'1', '2023-08-05', b'0'),
('C20230805007', 'NV007', b'1', '2023-08-05', b'0'),
('C20230805008', 'NV008', b'1', '2023-08-05', b'0'),
('C20230805009', 'NV009', b'0', '2023-08-05', b'0'),
('C20230805010', 'NV010', b'1', '2023-08-05', b'0'),
('C20230805011', 'NV011', b'1', '2023-08-05', b'0'),
('C20230805012', 'NV012', b'1', '2023-08-05', b'0'),
('C20230805013', 'NV013', b'1', '2023-08-05', b'0'),
('C20230805014', 'NV014', b'1', '2023-08-05', b'0'),
('C20230805015', 'NV015', b'1', '2023-08-05', b'0'),
('C20230805016', 'NV016', b'1', '2023-08-05', b'0'),
('C20230805017', 'NV017', b'1', '2023-08-05', b'0'),
('C20230805018', 'NV018', b'1', '2023-08-05', b'0'),
('C20230805019', 'NV019', b'0', '2023-08-05', b'0'),
('C20230805020', 'NV020', b'1', '2023-08-05', b'0'),
('C20230805021', 'NV021', b'1', '2023-08-05', b'0'),
('C20230805022', 'NV022', b'1', '2023-08-05', b'0'),
('C20230805023', 'NV023', b'1', '2023-08-05', b'0'),
('C20230805024', 'NV024', b'1', '2023-08-05', b'0'),
('C20230805025', 'NV025', b'1', '2023-08-05', b'0'),
('C20230805026', 'NV026', b'1', '2023-08-05', b'0'),
('C20230805027', 'NV027', b'1', '2023-08-05', b'0'),
('C20230805028', 'NV028', b'1', '2023-08-05', b'0'),
('C20230805029', 'NV029', b'1', '2023-08-05', b'0'),
('C20230805030', 'NV030', b'1', '2023-08-05', b'0'),
('C20230805031', 'NV031', b'1', '2023-08-05', b'0'),
('C20230805032', 'NV032', b'1', '2023-08-05', b'0'),
('C20230805033', 'NV033', b'1', '2023-08-05', b'0'),
('C20230805034', 'NV034', b'1', '2023-08-05', b'0'),
('C20230805035', 'NV035', b'1', '2023-08-05', b'0'),
('C20230805036', 'NV036', b'0', '2023-08-05', b'0'),
('C20230805037', 'NV037', b'1', '2023-08-05', b'0'),
('C20230806001', 'NV001', b'0', '2023-08-06', b'0'),
('C20230806002', 'NV002', b'0', '2023-08-06', b'0'),
('C20230806003', 'NV003', b'0', '2023-08-06', b'0'),
('C20230806004', 'NV004', b'0', '2023-08-06', b'0'),
('C20230806005', 'NV005', b'0', '2023-08-06', b'0'),
('C20230806006', 'NV006', b'0', '2023-08-06', b'0'),
('C20230806007', 'NV007', b'0', '2023-08-06', b'0'),
('C20230806008', 'NV008', b'0', '2023-08-06', b'0'),
('C20230806009', 'NV009', b'0', '2023-08-06', b'0'),
('C20230806010', 'NV010', b'0', '2023-08-06', b'0'),
('C20230806011', 'NV011', b'0', '2023-08-06', b'0'),
('C20230806012', 'NV012', b'0', '2023-08-06', b'0'),
('C20230806013', 'NV013', b'0', '2023-08-06', b'0'),
('C20230806014', 'NV014', b'0', '2023-08-06', b'0'),
('C20230806015', 'NV015', b'0', '2023-08-06', b'0'),
('C20230806016', 'NV016', b'0', '2023-08-06', b'0'),
('C20230806017', 'NV017', b'0', '2023-08-06', b'0'),
('C20230806018', 'NV018', b'0', '2023-08-06', b'0'),
('C20230806019', 'NV019', b'0', '2023-08-06', b'0'),
('C20230806020', 'NV020', b'0', '2023-08-06', b'0'),
('C20230806021', 'NV021', b'0', '2023-08-06', b'0'),
('C20230806022', 'NV022', b'0', '2023-08-06', b'0'),
('C20230806023', 'NV023', b'0', '2023-08-06', b'0'),
('C20230806024', 'NV024', b'0', '2023-08-06', b'0'),
('C20230806025', 'NV025', b'0', '2023-08-06', b'0'),
('C20230806026', 'NV026', b'0', '2023-08-06', b'0'),
('C20230806027', 'NV027', b'0', '2023-08-06', b'0'),
('C20230806028', 'NV028', b'0', '2023-08-06', b'0'),
('C20230806029', 'NV029', b'0', '2023-08-06', b'0'),
('C20230806030', 'NV030', b'0', '2023-08-06', b'0'),
('C20230806031', 'NV031', b'0', '2023-08-06', b'0'),
('C20230806032', 'NV032', b'0', '2023-08-06', b'0'),
('C20230806033', 'NV033', b'0', '2023-08-06', b'0'),
('C20230806034', 'NV034', b'0', '2023-08-06', b'0'),
('C20230806035', 'NV035', b'0', '2023-08-06', b'0'),
('C20230806036', 'NV036', b'0', '2023-08-06', b'0'),
('C20230806037', 'NV037', b'0', '2023-08-06', b'0'),
('C20230807001', 'NV001', b'1', '2023-08-07', b'0'),
('C20230807002', 'NV002', b'1', '2023-08-07', b'0'),
('C20230807003', 'NV003', b'1', '2023-08-07', b'0'),
('C20230807004', 'NV004', b'1', '2023-08-07', b'0'),
('C20230807005', 'NV005', b'1', '2023-08-07', b'0'),
('C20230807006', 'NV006', b'1', '2023-08-07', b'0'),
('C20230807007', 'NV007', b'1', '2023-08-07', b'0'),
('C20230807008', 'NV008', b'1', '2023-08-07', b'0'),
('C20230807009', 'NV009', b'1', '2023-08-07', b'0'),
('C20230807010', 'NV010', b'1', '2023-08-07', b'0'),
('C20230807011', 'NV011', b'1', '2023-08-07', b'0'),
('C20230807012', 'NV012', b'1', '2023-08-07', b'0'),
('C20230807013', 'NV013', b'1', '2023-08-07', b'0'),
('C20230807014', 'NV014', b'1', '2023-08-07', b'0'),
('C20230807015', 'NV015', b'1', '2023-08-07', b'0'),
('C20230807016', 'NV016', b'1', '2023-08-07', b'0'),
('C20230807017', 'NV017', b'1', '2023-08-07', b'0'),
('C20230807018', 'NV018', b'1', '2023-08-07', b'0'),
('C20230807019', 'NV019', b'1', '2023-08-07', b'0'),
('C20230807020', 'NV020', b'1', '2023-08-07', b'0'),
('C20230807021', 'NV021', b'1', '2023-08-07', b'0'),
('C20230807022', 'NV022', b'1', '2023-08-07', b'0'),
('C20230807023', 'NV023', b'1', '2023-08-07', b'0'),
('C20230807024', 'NV024', b'1', '2023-08-07', b'0'),
('C20230807025', 'NV025', b'1', '2023-08-07', b'0'),
('C20230807026', 'NV026', b'1', '2023-08-07', b'0'),
('C20230807027', 'NV027', b'1', '2023-08-07', b'0'),
('C20230807028', 'NV028', b'1', '2023-08-07', b'0'),
('C20230807029', 'NV029', b'1', '2023-08-07', b'0'),
('C20230807030', 'NV030', b'1', '2023-08-07', b'0'),
('C20230807031', 'NV031', b'1', '2023-08-07', b'0'),
('C20230807032', 'NV032', b'1', '2023-08-07', b'0'),
('C20230807033', 'NV033', b'1', '2023-08-07', b'0'),
('C20230807034', 'NV034', b'1', '2023-08-07', b'0'),
('C20230807035', 'NV035', b'1', '2023-08-07', b'0'),
('C20230807036', 'NV036', b'1', '2023-08-07', b'0'),
('C20230807037', 'NV037', b'1', '2023-08-07', b'0'),
('C20230808001', 'NV001', b'1', '2023-08-08', b'0'),
('C20230808002', 'NV002', b'1', '2023-08-08', b'0'),
('C20230808003', 'NV003', b'1', '2023-08-08', b'0'),
('C20230808004', 'NV004', b'1', '2023-08-08', b'0'),
('C20230808005', 'NV005', b'1', '2023-08-08', b'0'),
('C20230808006', 'NV006', b'1', '2023-08-08', b'0'),
('C20230808007', 'NV007', b'1', '2023-08-08', b'0'),
('C20230808008', 'NV008', b'1', '2023-08-08', b'0'),
('C20230808009', 'NV009', b'1', '2023-08-08', b'0'),
('C20230808010', 'NV010', b'1', '2023-08-08', b'0'),
('C20230808011', 'NV011', b'1', '2023-08-08', b'0'),
('C20230808012', 'NV012', b'1', '2023-08-08', b'0'),
('C20230808013', 'NV013', b'1', '2023-08-08', b'0'),
('C20230808014', 'NV014', b'1', '2023-08-08', b'0'),
('C20230808015', 'NV015', b'1', '2023-08-08', b'0'),
('C20230808016', 'NV016', b'1', '2023-08-08', b'0'),
('C20230808017', 'NV017', b'1', '2023-08-08', b'0'),
('C20230808018', 'NV018', b'1', '2023-08-08', b'0'),
('C20230808019', 'NV019', b'1', '2023-08-08', b'0'),
('C20230808020', 'NV020', b'1', '2023-08-08', b'0'),
('C20230808021', 'NV021', b'1', '2023-08-08', b'0'),
('C20230808022', 'NV022', b'1', '2023-08-08', b'0'),
('C20230808023', 'NV023', b'1', '2023-08-08', b'0'),
('C20230808024', 'NV024', b'1', '2023-08-08', b'0'),
('C20230808025', 'NV025', b'1', '2023-08-08', b'0'),
('C20230808026', 'NV026', b'1', '2023-08-08', b'0'),
('C20230808027', 'NV027', b'1', '2023-08-08', b'0'),
('C20230808028', 'NV028', b'1', '2023-08-08', b'0'),
('C20230808029', 'NV029', b'1', '2023-08-08', b'0'),
('C20230808030', 'NV030', b'1', '2023-08-08', b'0'),
('C20230808031', 'NV031', b'1', '2023-08-08', b'0'),
('C20230808032', 'NV032', b'1', '2023-08-08', b'0'),
('C20230808033', 'NV033', b'1', '2023-08-08', b'0'),
('C20230808034', 'NV034', b'1', '2023-08-08', b'0'),
('C20230808035', 'NV035', b'1', '2023-08-08', b'0'),
('C20230808036', 'NV036', b'1', '2023-08-08', b'0'),
('C20230808037', 'NV037', b'1', '2023-08-08', b'0'),
('C20230809001', 'NV001', b'1', '2023-08-09', b'0'),
('C20230809002', 'NV002', b'1', '2023-08-09', b'0'),
('C20230809003', 'NV003', b'1', '2023-08-09', b'0'),
('C20230809004', 'NV004', b'1', '2023-08-09', b'0'),
('C20230809005', 'NV005', b'1', '2023-08-09', b'0'),
('C20230809006', 'NV006', b'1', '2023-08-09', b'0'),
('C20230809007', 'NV007', b'1', '2023-08-09', b'0'),
('C20230809008', 'NV008', b'1', '2023-08-09', b'0'),
('C20230809009', 'NV009', b'1', '2023-08-09', b'0'),
('C20230809010', 'NV010', b'1', '2023-08-09', b'0'),
('C20230809011', 'NV011', b'1', '2023-08-09', b'0'),
('C20230809012', 'NV012', b'1', '2023-08-09', b'0'),
('C20230809013', 'NV013', b'1', '2023-08-09', b'0'),
('C20230809014', 'NV014', b'1', '2023-08-09', b'0'),
('C20230809015', 'NV015', b'1', '2023-08-09', b'0'),
('C20230809016', 'NV016', b'1', '2023-08-09', b'0'),
('C20230809017', 'NV017', b'0', '2023-08-09', b'0'),
('C20230809018', 'NV018', b'1', '2023-08-09', b'0'),
('C20230809019', 'NV019', b'1', '2023-08-09', b'0'),
('C20230809020', 'NV020', b'1', '2023-08-09', b'0'),
('C20230809021', 'NV021', b'1', '2023-08-09', b'0'),
('C20230809022', 'NV022', b'1', '2023-08-09', b'0'),
('C20230809023', 'NV023', b'1', '2023-08-09', b'0'),
('C20230809024', 'NV024', b'1', '2023-08-09', b'0'),
('C20230809025', 'NV025', b'0', '2023-08-09', b'0'),
('C20230809026', 'NV026', b'1', '2023-08-09', b'0'),
('C20230809027', 'NV027', b'1', '2023-08-09', b'0'),
('C20230809028', 'NV028', b'1', '2023-08-09', b'0'),
('C20230809029', 'NV029', b'1', '2023-08-09', b'0'),
('C20230809030', 'NV030', b'1', '2023-08-09', b'0'),
('C20230809031', 'NV031', b'1', '2023-08-09', b'0'),
('C20230809032', 'NV032', b'1', '2023-08-09', b'0'),
('C20230809033', 'NV033', b'1', '2023-08-09', b'0'),
('C20230809034', 'NV034', b'0', '2023-08-09', b'0'),
('C20230809035', 'NV035', b'1', '2023-08-09', b'0'),
('C20230809036', 'NV036', b'1', '2023-08-09', b'0'),
('C20230809037', 'NV037', b'1', '2023-08-09', b'0'),
('C20230810001', 'NV001', b'1', '2023-08-10', b'0'),
('C20230810002', 'NV002', b'1', '2023-08-10', b'0'),
('C20230810003', 'NV003', b'1', '2023-08-10', b'0'),
('C20230810004', 'NV004', b'0', '2023-08-10', b'0'),
('C20230810005', 'NV005', b'1', '2023-08-10', b'0'),
('C20230810006', 'NV006', b'1', '2023-08-10', b'0'),
('C20230810007', 'NV007', b'1', '2023-08-10', b'0'),
('C20230810008', 'NV008', b'1', '2023-08-10', b'0'),
('C20230810009', 'NV009', b'0', '2023-08-10', b'0'),
('C20230810010', 'NV010', b'1', '2023-08-10', b'0'),
('C20230810011', 'NV011', b'1', '2023-08-10', b'0'),
('C20230810012', 'NV012', b'1', '2023-08-10', b'0'),
('C20230810013', 'NV013', b'1', '2023-08-10', b'0'),
('C20230810014', 'NV014', b'1', '2023-08-10', b'0'),
('C20230810015', 'NV015', b'1', '2023-08-10', b'0'),
('C20230810016', 'NV016', b'1', '2023-08-10', b'0'),
('C20230810017', 'NV017', b'1', '2023-08-10', b'0'),
('C20230810018', 'NV018', b'1', '2023-08-10', b'0'),
('C20230810019', 'NV019', b'1', '2023-08-10', b'0'),
('C20230810020', 'NV020', b'1', '2023-08-10', b'0'),
('C20230810021', 'NV021', b'1', '2023-08-10', b'0'),
('C20230810022', 'NV022', b'1', '2023-08-10', b'0'),
('C20230810023', 'NV023', b'1', '2023-08-10', b'0'),
('C20230810024', 'NV024', b'1', '2023-08-10', b'0'),
('C20230810025', 'NV025', b'1', '2023-08-10', b'0'),
('C20230810026', 'NV026', b'1', '2023-08-10', b'0'),
('C20230810027', 'NV027', b'1', '2023-08-10', b'0'),
('C20230810028', 'NV028', b'1', '2023-08-10', b'0'),
('C20230810029', 'NV029', b'1', '2023-08-10', b'0'),
('C20230810030', 'NV030', b'1', '2023-08-10', b'0'),
('C20230810031', 'NV031', b'1', '2023-08-10', b'0'),
('C20230810032', 'NV032', b'1', '2023-08-10', b'0'),
('C20230810033', 'NV033', b'1', '2023-08-10', b'0'),
('C20230810034', 'NV034', b'1', '2023-08-10', b'0'),
('C20230810035', 'NV035', b'1', '2023-08-10', b'0'),
('C20230810036', 'NV036', b'1', '2023-08-10', b'0'),
('C20230810037', 'NV037', b'1', '2023-08-10', b'0'),
('C20230811001', 'NV001', b'1', '2023-08-11', b'0'),
('C20230811002', 'NV002', b'1', '2023-08-11', b'0'),
('C20230811003', 'NV003', b'1', '2023-08-11', b'0'),
('C20230811004', 'NV004', b'1', '2023-08-11', b'0'),
('C20230811005', 'NV005', b'1', '2023-08-11', b'0'),
('C20230811006', 'NV006', b'1', '2023-08-11', b'0'),
('C20230811007', 'NV007', b'1', '2023-08-11', b'0'),
('C20230811008', 'NV008', b'1', '2023-08-11', b'0'),
('C20230811009', 'NV009', b'1', '2023-08-11', b'0'),
('C20230811010', 'NV010', b'1', '2023-08-11', b'0'),
('C20230811011', 'NV011', b'1', '2023-08-11', b'0'),
('C20230811012', 'NV012', b'1', '2023-08-11', b'0'),
('C20230811013', 'NV013', b'1', '2023-08-11', b'0'),
('C20230811014', 'NV014', b'1', '2023-08-11', b'0'),
('C20230811015', 'NV015', b'1', '2023-08-11', b'0'),
('C20230811016', 'NV016', b'1', '2023-08-11', b'0'),
('C20230811017', 'NV017', b'1', '2023-08-11', b'0'),
('C20230811018', 'NV018', b'1', '2023-08-11', b'0'),
('C20230811019', 'NV019', b'1', '2023-08-11', b'0'),
('C20230811020', 'NV020', b'1', '2023-08-11', b'0'),
('C20230811021', 'NV021', b'1', '2023-08-11', b'0'),
('C20230811022', 'NV022', b'1', '2023-08-11', b'0'),
('C20230811023', 'NV023', b'1', '2023-08-11', b'0'),
('C20230811024', 'NV024', b'1', '2023-08-11', b'0'),
('C20230811025', 'NV025', b'1', '2023-08-11', b'0'),
('C20230811026', 'NV026', b'1', '2023-08-11', b'0'),
('C20230811027', 'NV027', b'1', '2023-08-11', b'0'),
('C20230811028', 'NV028', b'1', '2023-08-11', b'0'),
('C20230811029', 'NV029', b'1', '2023-08-11', b'0'),
('C20230811030', 'NV030', b'1', '2023-08-11', b'0'),
('C20230811031', 'NV031', b'1', '2023-08-11', b'0'),
('C20230811032', 'NV032', b'1', '2023-08-11', b'0'),
('C20230811033', 'NV033', b'1', '2023-08-11', b'0'),
('C20230811034', 'NV034', b'1', '2023-08-11', b'0'),
('C20230811035', 'NV035', b'1', '2023-08-11', b'0'),
('C20230811036', 'NV036', b'1', '2023-08-11', b'0'),
('C20230811037', 'NV037', b'1', '2023-08-11', b'0'),
('C20230812001', 'NV001', b'1', '2023-08-12', b'0'),
('C20230812002', 'NV002', b'1', '2023-08-12', b'0'),
('C20230812003', 'NV003', b'1', '2023-08-12', b'0'),
('C20230812004', 'NV004', b'1', '2023-08-12', b'0'),
('C20230812005', 'NV005', b'1', '2023-08-12', b'0'),
('C20230812006', 'NV006', b'1', '2023-08-12', b'0'),
('C20230812007', 'NV007', b'1', '2023-08-12', b'0'),
('C20230812008', 'NV008', b'1', '2023-08-12', b'0'),
('C20230812009', 'NV009', b'1', '2023-08-12', b'0'),
('C20230812010', 'NV010', b'1', '2023-08-12', b'0'),
('C20230812011', 'NV011', b'1', '2023-08-12', b'0'),
('C20230812012', 'NV012', b'1', '2023-08-12', b'0'),
('C20230812013', 'NV013', b'1', '2023-08-12', b'0'),
('C20230812014', 'NV014', b'1', '2023-08-12', b'0'),
('C20230812015', 'NV015', b'1', '2023-08-12', b'0'),
('C20230812016', 'NV016', b'1', '2023-08-12', b'0'),
('C20230812017', 'NV017', b'1', '2023-08-12', b'0'),
('C20230812018', 'NV018', b'1', '2023-08-12', b'0'),
('C20230812019', 'NV019', b'1', '2023-08-12', b'0'),
('C20230812020', 'NV020', b'1', '2023-08-12', b'0'),
('C20230812021', 'NV021', b'1', '2023-08-12', b'0'),
('C20230812022', 'NV022', b'1', '2023-08-12', b'0'),
('C20230812023', 'NV023', b'1', '2023-08-12', b'0'),
('C20230812024', 'NV024', b'1', '2023-08-12', b'0'),
('C20230812025', 'NV025', b'1', '2023-08-12', b'0'),
('C20230812026', 'NV026', b'1', '2023-08-12', b'0'),
('C20230812027', 'NV027', b'1', '2023-08-12', b'0'),
('C20230812028', 'NV028', b'1', '2023-08-12', b'0'),
('C20230812029', 'NV029', b'1', '2023-08-12', b'0'),
('C20230812030', 'NV030', b'1', '2023-08-12', b'0'),
('C20230812031', 'NV031', b'1', '2023-08-12', b'0'),
('C20230812032', 'NV032', b'1', '2023-08-12', b'0'),
('C20230812033', 'NV033', b'1', '2023-08-12', b'0'),
('C20230812034', 'NV034', b'1', '2023-08-12', b'0'),
('C20230812035', 'NV035', b'1', '2023-08-12', b'0'),
('C20230812036', 'NV036', b'1', '2023-08-12', b'0'),
('C20230812037', 'NV037', b'1', '2023-08-12', b'0'),
('C20230813001', 'NV001', b'0', '2023-08-13', b'0'),
('C20230813002', 'NV002', b'0', '2023-08-13', b'0'),
('C20230813003', 'NV003', b'0', '2023-08-13', b'0'),
('C20230813004', 'NV004', b'0', '2023-08-13', b'0'),
('C20230813005', 'NV005', b'0', '2023-08-13', b'0'),
('C20230813006', 'NV006', b'0', '2023-08-13', b'0'),
('C20230813007', 'NV007', b'0', '2023-08-13', b'0'),
('C20230813008', 'NV008', b'0', '2023-08-13', b'0'),
('C20230813009', 'NV009', b'0', '2023-08-13', b'0'),
('C20230813010', 'NV010', b'0', '2023-08-13', b'0'),
('C20230813011', 'NV011', b'0', '2023-08-13', b'0'),
('C20230813012', 'NV012', b'0', '2023-08-13', b'0'),
('C20230813013', 'NV013', b'0', '2023-08-13', b'0'),
('C20230813014', 'NV014', b'0', '2023-08-13', b'0'),
('C20230813015', 'NV015', b'0', '2023-08-13', b'0'),
('C20230813016', 'NV016', b'0', '2023-08-13', b'0'),
('C20230813017', 'NV017', b'0', '2023-08-13', b'0'),
('C20230813018', 'NV018', b'0', '2023-08-13', b'0'),
('C20230813019', 'NV019', b'0', '2023-08-13', b'0'),
('C20230813020', 'NV020', b'0', '2023-08-13', b'0'),
('C20230813021', 'NV021', b'0', '2023-08-13', b'0'),
('C20230813022', 'NV022', b'0', '2023-08-13', b'0'),
('C20230813023', 'NV023', b'0', '2023-08-13', b'0'),
('C20230813024', 'NV024', b'0', '2023-08-13', b'0'),
('C20230813025', 'NV025', b'0', '2023-08-13', b'0'),
('C20230813026', 'NV026', b'0', '2023-08-13', b'0'),
('C20230813027', 'NV027', b'0', '2023-08-13', b'0'),
('C20230813028', 'NV028', b'0', '2023-08-13', b'0'),
('C20230813029', 'NV029', b'0', '2023-08-13', b'0'),
('C20230813030', 'NV030', b'0', '2023-08-13', b'0'),
('C20230813031', 'NV031', b'0', '2023-08-13', b'0'),
('C20230813032', 'NV032', b'0', '2023-08-13', b'0'),
('C20230813033', 'NV033', b'0', '2023-08-13', b'0'),
('C20230813034', 'NV034', b'0', '2023-08-13', b'0'),
('C20230813035', 'NV035', b'0', '2023-08-13', b'0'),
('C20230813036', 'NV036', b'1', '2023-08-13', b'0'),
('C20230813037', 'NV037', b'0', '2023-08-13', b'0'),
('C20230814001', 'NV001', b'1', '2023-08-14', b'0'),
('C20230814002', 'NV002', b'1', '2023-08-14', b'0'),
('C20230814003', 'NV003', b'1', '2023-08-14', b'0'),
('C20230814004', 'NV004', b'1', '2023-08-14', b'0'),
('C20230814005', 'NV005', b'1', '2023-08-14', b'0'),
('C20230814006', 'NV006', b'1', '2023-08-14', b'0'),
('C20230814007', 'NV007', b'1', '2023-08-14', b'0'),
('C20230814008', 'NV008', b'1', '2023-08-14', b'0'),
('C20230814009', 'NV009', b'1', '2023-08-14', b'0'),
('C20230814010', 'NV010', b'1', '2023-08-14', b'0'),
('C20230814011', 'NV011', b'1', '2023-08-14', b'0'),
('C20230814012', 'NV012', b'1', '2023-08-14', b'0'),
('C20230814013', 'NV013', b'1', '2023-08-14', b'0'),
('C20230814014', 'NV014', b'1', '2023-08-14', b'0'),
('C20230814015', 'NV015', b'1', '2023-08-14', b'0'),
('C20230814016', 'NV016', b'1', '2023-08-14', b'0'),
('C20230814017', 'NV017', b'1', '2023-08-14', b'0'),
('C20230814018', 'NV018', b'1', '2023-08-14', b'0'),
('C20230814019', 'NV019', b'1', '2023-08-14', b'0'),
('C20230814020', 'NV020', b'1', '2023-08-14', b'0'),
('C20230814021', 'NV021', b'1', '2023-08-14', b'0'),
('C20230814022', 'NV022', b'1', '2023-08-14', b'0'),
('C20230814023', 'NV023', b'1', '2023-08-14', b'0'),
('C20230814024', 'NV024', b'1', '2023-08-14', b'0'),
('C20230814025', 'NV025', b'1', '2023-08-14', b'0'),
('C20230814026', 'NV026', b'1', '2023-08-14', b'0'),
('C20230814027', 'NV027', b'1', '2023-08-14', b'0'),
('C20230814028', 'NV028', b'1', '2023-08-14', b'0'),
('C20230814029', 'NV029', b'1', '2023-08-14', b'0'),
('C20230814030', 'NV030', b'1', '2023-08-14', b'0'),
('C20230814031', 'NV031', b'1', '2023-08-14', b'0'),
('C20230814032', 'NV032', b'1', '2023-08-14', b'0'),
('C20230814033', 'NV033', b'1', '2023-08-14', b'0'),
('C20230814034', 'NV034', b'1', '2023-08-14', b'0'),
('C20230814035', 'NV035', b'1', '2023-08-14', b'0'),
('C20230814036', 'NV036', b'1', '2023-08-14', b'0'),
('C20230814037', 'NV037', b'1', '2023-08-14', b'0'),
('C20230815001', 'NV001', b'1', '2023-08-15', b'0'),
('C20230815002', 'NV002', b'0', '2023-08-15', b'0'),
('C20230815003', 'NV003', b'1', '2023-08-15', b'0'),
('C20230815004', 'NV004', b'0', '2023-08-15', b'0'),
('C20230815005', 'NV005', b'1', '2023-08-15', b'0'),
('C20230815006', 'NV006', b'1', '2023-08-15', b'0'),
('C20230815007', 'NV007', b'1', '2023-08-15', b'0'),
('C20230815008', 'NV008', b'1', '2023-08-15', b'0'),
('C20230815009', 'NV009', b'1', '2023-08-15', b'0'),
('C20230815010', 'NV010', b'1', '2023-08-15', b'0'),
('C20230815011', 'NV011', b'1', '2023-08-15', b'0'),
('C20230815012', 'NV012', b'1', '2023-08-15', b'0'),
('C20230815013', 'NV013', b'1', '2023-08-15', b'0'),
('C20230815014', 'NV014', b'0', '2023-08-15', b'0'),
('C20230815015', 'NV015', b'1', '2023-08-15', b'0'),
('C20230815016', 'NV016', b'1', '2023-08-15', b'0'),
('C20230815017', 'NV017', b'1', '2023-08-15', b'0'),
('C20230815018', 'NV018', b'1', '2023-08-15', b'0'),
('C20230815019', 'NV019', b'1', '2023-08-15', b'0'),
('C20230815020', 'NV020', b'1', '2023-08-15', b'0'),
('C20230815021', 'NV021', b'1', '2023-08-15', b'0'),
('C20230815022', 'NV022', b'1', '2023-08-15', b'0'),
('C20230815023', 'NV023', b'1', '2023-08-15', b'0'),
('C20230815024', 'NV024', b'1', '2023-08-15', b'0'),
('C20230815025', 'NV025', b'1', '2023-08-15', b'0'),
('C20230815026', 'NV026', b'1', '2023-08-15', b'0'),
('C20230815027', 'NV027', b'1', '2023-08-15', b'0'),
('C20230815028', 'NV028', b'1', '2023-08-15', b'0'),
('C20230815029', 'NV029', b'1', '2023-08-15', b'0'),
('C20230815030', 'NV030', b'1', '2023-08-15', b'0'),
('C20230815031', 'NV031', b'1', '2023-08-15', b'0'),
('C20230815032', 'NV032', b'1', '2023-08-15', b'0'),
('C20230815033', 'NV033', b'1', '2023-08-15', b'0'),
('C20230815034', 'NV034', b'1', '2023-08-15', b'0'),
('C20230815035', 'NV035', b'1', '2023-08-15', b'0'),
('C20230815036', 'NV036', b'1', '2023-08-15', b'0'),
('C20230815037', 'NV037', b'1', '2023-08-15', b'0'),
('C20230816001', 'NV001', b'1', '2023-08-16', b'0'),
('C20230816002', 'NV002', b'1', '2023-08-16', b'0'),
('C20230816003', 'NV003', b'1', '2023-08-16', b'0'),
('C20230816004', 'NV004', b'1', '2023-08-16', b'0'),
('C20230816005', 'NV005', b'1', '2023-08-16', b'0'),
('C20230816006', 'NV006', b'1', '2023-08-16', b'0'),
('C20230816007', 'NV007', b'1', '2023-08-16', b'0'),
('C20230816008', 'NV008', b'1', '2023-08-16', b'0'),
('C20230816009', 'NV009', b'1', '2023-08-16', b'0'),
('C20230816010', 'NV010', b'1', '2023-08-16', b'0'),
('C20230816011', 'NV011', b'1', '2023-08-16', b'0'),
('C20230816012', 'NV012', b'1', '2023-08-16', b'0'),
('C20230816013', 'NV013', b'1', '2023-08-16', b'0'),
('C20230816014', 'NV014', b'1', '2023-08-16', b'0'),
('C20230816015', 'NV015', b'1', '2023-08-16', b'0'),
('C20230816016', 'NV016', b'1', '2023-08-16', b'0'),
('C20230816017', 'NV017', b'1', '2023-08-16', b'0'),
('C20230816018', 'NV018', b'1', '2023-08-16', b'0'),
('C20230816019', 'NV019', b'1', '2023-08-16', b'0'),
('C20230816020', 'NV020', b'1', '2023-08-16', b'0'),
('C20230816021', 'NV021', b'1', '2023-08-16', b'0'),
('C20230816022', 'NV022', b'1', '2023-08-16', b'0'),
('C20230816023', 'NV023', b'1', '2023-08-16', b'0'),
('C20230816024', 'NV024', b'1', '2023-08-16', b'0'),
('C20230816025', 'NV025', b'1', '2023-08-16', b'0'),
('C20230816026', 'NV026', b'1', '2023-08-16', b'0'),
('C20230816027', 'NV027', b'1', '2023-08-16', b'0'),
('C20230816028', 'NV028', b'1', '2023-08-16', b'0'),
('C20230816029', 'NV029', b'1', '2023-08-16', b'0'),
('C20230816030', 'NV030', b'1', '2023-08-16', b'0'),
('C20230816031', 'NV031', b'1', '2023-08-16', b'0'),
('C20230816032', 'NV032', b'1', '2023-08-16', b'0'),
('C20230816033', 'NV033', b'1', '2023-08-16', b'0'),
('C20230816034', 'NV034', b'1', '2023-08-16', b'0'),
('C20230816035', 'NV035', b'1', '2023-08-16', b'0'),
('C20230816036', 'NV036', b'1', '2023-08-16', b'0'),
('C20230816037', 'NV037', b'1', '2023-08-16', b'0'),
('C20230817001', 'NV001', b'1', '2023-08-17', b'0'),
('C20230817002', 'NV002', b'1', '2023-08-17', b'0'),
('C20230817003', 'NV003', b'1', '2023-08-17', b'0'),
('C20230817004', 'NV004', b'1', '2023-08-17', b'0'),
('C20230817005', 'NV005', b'1', '2023-08-17', b'0'),
('C20230817006', 'NV006', b'1', '2023-08-17', b'0'),
('C20230817007', 'NV007', b'1', '2023-08-17', b'0'),
('C20230817008', 'NV008', b'1', '2023-08-17', b'0'),
('C20230817009', 'NV009', b'1', '2023-08-17', b'0'),
('C20230817010', 'NV010', b'1', '2023-08-17', b'0'),
('C20230817011', 'NV011', b'1', '2023-08-17', b'0'),
('C20230817012', 'NV012', b'1', '2023-08-17', b'0'),
('C20230817013', 'NV013', b'1', '2023-08-17', b'0'),
('C20230817014', 'NV014', b'1', '2023-08-17', b'0'),
('C20230817015', 'NV015', b'1', '2023-08-17', b'0'),
('C20230817016', 'NV016', b'1', '2023-08-17', b'0'),
('C20230817017', 'NV017', b'1', '2023-08-17', b'0'),
('C20230817018', 'NV018', b'1', '2023-08-17', b'0'),
('C20230817019', 'NV019', b'1', '2023-08-17', b'0'),
('C20230817020', 'NV020', b'1', '2023-08-17', b'0'),
('C20230817021', 'NV021', b'1', '2023-08-17', b'0'),
('C20230817022', 'NV022', b'1', '2023-08-17', b'0'),
('C20230817023', 'NV023', b'1', '2023-08-17', b'0'),
('C20230817024', 'NV024', b'1', '2023-08-17', b'0'),
('C20230817025', 'NV025', b'1', '2023-08-17', b'0'),
('C20230817026', 'NV026', b'1', '2023-08-17', b'0'),
('C20230817027', 'NV027', b'1', '2023-08-17', b'0'),
('C20230817028', 'NV028', b'1', '2023-08-17', b'0'),
('C20230817029', 'NV029', b'1', '2023-08-17', b'0'),
('C20230817030', 'NV030', b'1', '2023-08-17', b'0'),
('C20230817031', 'NV031', b'1', '2023-08-17', b'0'),
('C20230817032', 'NV032', b'1', '2023-08-17', b'0'),
('C20230817033', 'NV033', b'1', '2023-08-17', b'0'),
('C20230817034', 'NV034', b'1', '2023-08-17', b'0'),
('C20230817035', 'NV035', b'1', '2023-08-17', b'0'),
('C20230817036', 'NV036', b'1', '2023-08-17', b'0'),
('C20230817037', 'NV037', b'1', '2023-08-17', b'0'),
('C20230818001', 'NV001', b'1', '2023-08-18', b'0'),
('C20230818002', 'NV002', b'1', '2023-08-18', b'0'),
('C20230818003', 'NV003', b'1', '2023-08-18', b'0'),
('C20230818004', 'NV004', b'1', '2023-08-18', b'0'),
('C20230818005', 'NV005', b'1', '2023-08-18', b'0'),
('C20230818006', 'NV006', b'1', '2023-08-18', b'0'),
('C20230818007', 'NV007', b'1', '2023-08-18', b'0'),
('C20230818008', 'NV008', b'1', '2023-08-18', b'0'),
('C20230818009', 'NV009', b'1', '2023-08-18', b'0'),
('C20230818010', 'NV010', b'1', '2023-08-18', b'0'),
('C20230818011', 'NV011', b'1', '2023-08-18', b'0'),
('C20230818012', 'NV012', b'1', '2023-08-18', b'0'),
('C20230818013', 'NV013', b'1', '2023-08-18', b'0'),
('C20230818014', 'NV014', b'1', '2023-08-18', b'0'),
('C20230818015', 'NV015', b'1', '2023-08-18', b'0'),
('C20230818016', 'NV016', b'1', '2023-08-18', b'0'),
('C20230818017', 'NV017', b'1', '2023-08-18', b'0'),
('C20230818018', 'NV018', b'1', '2023-08-18', b'0'),
('C20230818019', 'NV019', b'1', '2023-08-18', b'0'),
('C20230818020', 'NV020', b'1', '2023-08-18', b'0'),
('C20230818021', 'NV021', b'1', '2023-08-18', b'0'),
('C20230818022', 'NV022', b'1', '2023-08-18', b'0'),
('C20230818023', 'NV023', b'1', '2023-08-18', b'0'),
('C20230818024', 'NV024', b'1', '2023-08-18', b'0'),
('C20230818025', 'NV025', b'1', '2023-08-18', b'0'),
('C20230818026', 'NV026', b'1', '2023-08-18', b'0'),
('C20230818027', 'NV027', b'1', '2023-08-18', b'0'),
('C20230818028', 'NV028', b'1', '2023-08-18', b'0'),
('C20230818029', 'NV029', b'1', '2023-08-18', b'0'),
('C20230818030', 'NV030', b'1', '2023-08-18', b'0'),
('C20230818031', 'NV031', b'1', '2023-08-18', b'0'),
('C20230818032', 'NV032', b'1', '2023-08-18', b'0'),
('C20230818033', 'NV033', b'1', '2023-08-18', b'0'),
('C20230818034', 'NV034', b'1', '2023-08-18', b'0'),
('C20230818035', 'NV035', b'1', '2023-08-18', b'0'),
('C20230818036', 'NV036', b'1', '2023-08-18', b'0'),
('C20230818037', 'NV037', b'1', '2023-08-18', b'0'),
('C20230819001', 'NV001', b'1', '2023-08-19', b'0'),
('C20230819002', 'NV002', b'1', '2023-08-19', b'0'),
('C20230819003', 'NV003', b'1', '2023-08-19', b'0'),
('C20230819004', 'NV004', b'1', '2023-08-19', b'0'),
('C20230819005', 'NV005', b'1', '2023-08-19', b'0'),
('C20230819006', 'NV006', b'1', '2023-08-19', b'0'),
('C20230819007', 'NV007', b'1', '2023-08-19', b'0'),
('C20230819008', 'NV008', b'1', '2023-08-19', b'0'),
('C20230819009', 'NV009', b'1', '2023-08-19', b'0'),
('C20230819010', 'NV010', b'1', '2023-08-19', b'0'),
('C20230819011', 'NV011', b'1', '2023-08-19', b'0'),
('C20230819012', 'NV012', b'1', '2023-08-19', b'0'),
('C20230819013', 'NV013', b'1', '2023-08-19', b'0'),
('C20230819014', 'NV014', b'1', '2023-08-19', b'0'),
('C20230819015', 'NV015', b'1', '2023-08-19', b'0'),
('C20230819016', 'NV016', b'1', '2023-08-19', b'0'),
('C20230819017', 'NV017', b'1', '2023-08-19', b'0'),
('C20230819018', 'NV018', b'1', '2023-08-19', b'0'),
('C20230819019', 'NV019', b'1', '2023-08-19', b'0'),
('C20230819020', 'NV020', b'1', '2023-08-19', b'0'),
('C20230819021', 'NV021', b'1', '2023-08-19', b'0'),
('C20230819022', 'NV022', b'1', '2023-08-19', b'0'),
('C20230819023', 'NV023', b'1', '2023-08-19', b'0'),
('C20230819024', 'NV024', b'1', '2023-08-19', b'0'),
('C20230819025', 'NV025', b'1', '2023-08-19', b'0'),
('C20230819026', 'NV026', b'1', '2023-08-19', b'0'),
('C20230819027', 'NV027', b'1', '2023-08-19', b'0'),
('C20230819028', 'NV028', b'1', '2023-08-19', b'0'),
('C20230819029', 'NV029', b'1', '2023-08-19', b'0'),
('C20230819030', 'NV030', b'1', '2023-08-19', b'0'),
('C20230819031', 'NV031', b'1', '2023-08-19', b'0'),
('C20230819032', 'NV032', b'1', '2023-08-19', b'0'),
('C20230819033', 'NV033', b'1', '2023-08-19', b'0'),
('C20230819034', 'NV034', b'1', '2023-08-19', b'0'),
('C20230819035', 'NV035', b'1', '2023-08-19', b'0'),
('C20230819036', 'NV036', b'1', '2023-08-19', b'0'),
('C20230819037', 'NV037', b'1', '2023-08-19', b'0'),
('C20230820001', 'NV001', b'0', '2023-08-20', b'0'),
('C20230820002', 'NV002', b'0', '2023-08-20', b'0'),
('C20230820003', 'NV003', b'0', '2023-08-20', b'0'),
('C20230820004', 'NV004', b'0', '2023-08-20', b'0'),
('C20230820005', 'NV005', b'0', '2023-08-20', b'0'),
('C20230820006', 'NV006', b'0', '2023-08-20', b'0'),
('C20230820007', 'NV007', b'0', '2023-08-20', b'0'),
('C20230820008', 'NV008', b'0', '2023-08-20', b'0'),
('C20230820009', 'NV009', b'0', '2023-08-20', b'0'),
('C20230820010', 'NV010', b'0', '2023-08-20', b'0'),
('C20230820011', 'NV011', b'0', '2023-08-20', b'0'),
('C20230820012', 'NV012', b'0', '2023-08-20', b'0'),
('C20230820013', 'NV013', b'0', '2023-08-20', b'0'),
('C20230820014', 'NV014', b'0', '2023-08-20', b'0'),
('C20230820015', 'NV015', b'0', '2023-08-20', b'0'),
('C20230820016', 'NV016', b'0', '2023-08-20', b'0'),
('C20230820017', 'NV017', b'0', '2023-08-20', b'0'),
('C20230820018', 'NV018', b'0', '2023-08-20', b'0'),
('C20230820019', 'NV019', b'0', '2023-08-20', b'0'),
('C20230820020', 'NV020', b'0', '2023-08-20', b'0'),
('C20230820021', 'NV021', b'0', '2023-08-20', b'0'),
('C20230820022', 'NV022', b'0', '2023-08-20', b'0'),
('C20230820023', 'NV023', b'0', '2023-08-20', b'0'),
('C20230820024', 'NV024', b'0', '2023-08-20', b'0'),
('C20230820025', 'NV025', b'0', '2023-08-20', b'0'),
('C20230820026', 'NV026', b'0', '2023-08-20', b'0'),
('C20230820027', 'NV027', b'0', '2023-08-20', b'0'),
('C20230820028', 'NV028', b'0', '2023-08-20', b'0'),
('C20230820029', 'NV029', b'0', '2023-08-20', b'0'),
('C20230820030', 'NV030', b'0', '2023-08-20', b'0'),
('C20230820031', 'NV031', b'0', '2023-08-20', b'0'),
('C20230820032', 'NV032', b'0', '2023-08-20', b'0'),
('C20230820033', 'NV033', b'0', '2023-08-20', b'0'),
('C20230820034', 'NV034', b'0', '2023-08-20', b'0'),
('C20230820035', 'NV035', b'0', '2023-08-20', b'0'),
('C20230820036', 'NV036', b'0', '2023-08-20', b'0'),
('C20230820037', 'NV037', b'0', '2023-08-20', b'0'),
('C20230821001', 'NV001', b'1', '2023-08-21', b'0'),
('C20230821002', 'NV002', b'1', '2023-08-21', b'0'),
('C20230821003', 'NV003', b'1', '2023-08-21', b'0'),
('C20230821004', 'NV004', b'0', '2023-08-21', b'0'),
('C20230821005', 'NV005', b'1', '2023-08-21', b'0'),
('C20230821006', 'NV006', b'1', '2023-08-21', b'0'),
('C20230821007', 'NV007', b'1', '2023-08-21', b'0'),
('C20230821008', 'NV008', b'1', '2023-08-21', b'0'),
('C20230821009', 'NV009', b'1', '2023-08-21', b'0'),
('C20230821010', 'NV010', b'1', '2023-08-21', b'0'),
('C20230821011', 'NV011', b'1', '2023-08-21', b'0'),
('C20230821012', 'NV012', b'1', '2023-08-21', b'0'),
('C20230821013', 'NV013', b'1', '2023-08-21', b'0'),
('C20230821014', 'NV014', b'1', '2023-08-21', b'0'),
('C20230821015', 'NV015', b'1', '2023-08-21', b'0'),
('C20230821016', 'NV016', b'1', '2023-08-21', b'0'),
('C20230821017', 'NV017', b'1', '2023-08-21', b'0'),
('C20230821018', 'NV018', b'1', '2023-08-21', b'0'),
('C20230821019', 'NV019', b'1', '2023-08-21', b'0'),
('C20230821020', 'NV020', b'1', '2023-08-21', b'0'),
('C20230821021', 'NV021', b'1', '2023-08-21', b'0'),
('C20230821022', 'NV022', b'1', '2023-08-21', b'0'),
('C20230821023', 'NV023', b'1', '2023-08-21', b'0'),
('C20230821024', 'NV024', b'1', '2023-08-21', b'0'),
('C20230821025', 'NV025', b'1', '2023-08-21', b'0'),
('C20230821026', 'NV026', b'1', '2023-08-21', b'0'),
('C20230821027', 'NV027', b'1', '2023-08-21', b'0'),
('C20230821028', 'NV028', b'1', '2023-08-21', b'0'),
('C20230821029', 'NV029', b'1', '2023-08-21', b'0'),
('C20230821030', 'NV030', b'1', '2023-08-21', b'0'),
('C20230821031', 'NV031', b'1', '2023-08-21', b'0'),
('C20230821032', 'NV032', b'1', '2023-08-21', b'0'),
('C20230821033', 'NV033', b'1', '2023-08-21', b'0'),
('C20230821034', 'NV034', b'1', '2023-08-21', b'0'),
('C20230821035', 'NV035', b'1', '2023-08-21', b'0'),
('C20230821036', 'NV036', b'1', '2023-08-21', b'0'),
('C20230821037', 'NV037', b'1', '2023-08-21', b'0'),
('C20230822001', 'NV001', b'1', '2023-08-22', b'0'),
('C20230822002', 'NV002', b'1', '2023-08-22', b'0'),
('C20230822003', 'NV003', b'1', '2023-08-22', b'0'),
('C20230822004', 'NV004', b'1', '2023-08-22', b'0'),
('C20230822005', 'NV005', b'1', '2023-08-22', b'0'),
('C20230822006', 'NV006', b'1', '2023-08-22', b'0'),
('C20230822007', 'NV007', b'1', '2023-08-22', b'0'),
('C20230822008', 'NV008', b'1', '2023-08-22', b'0'),
('C20230822009', 'NV009', b'1', '2023-08-22', b'0'),
('C20230822010', 'NV010', b'1', '2023-08-22', b'0'),
('C20230822011', 'NV011', b'1', '2023-08-22', b'0'),
('C20230822012', 'NV012', b'1', '2023-08-22', b'0'),
('C20230822013', 'NV013', b'1', '2023-08-22', b'0'),
('C20230822014', 'NV014', b'1', '2023-08-22', b'0'),
('C20230822015', 'NV015', b'1', '2023-08-22', b'0'),
('C20230822016', 'NV016', b'0', '2023-08-22', b'0'),
('C20230822017', 'NV017', b'1', '2023-08-22', b'0'),
('C20230822018', 'NV018', b'1', '2023-08-22', b'0'),
('C20230822019', 'NV019', b'1', '2023-08-22', b'0'),
('C20230822020', 'NV020', b'1', '2023-08-22', b'0'),
('C20230822021', 'NV021', b'0', '2023-08-22', b'0'),
('C20230822022', 'NV022', b'1', '2023-08-22', b'0'),
('C20230822023', 'NV023', b'1', '2023-08-22', b'0'),
('C20230822024', 'NV024', b'1', '2023-08-22', b'0'),
('C20230822025', 'NV025', b'1', '2023-08-22', b'0'),
('C20230822026', 'NV026', b'1', '2023-08-22', b'0'),
('C20230822027', 'NV027', b'1', '2023-08-22', b'0'),
('C20230822028', 'NV028', b'1', '2023-08-22', b'0'),
('C20230822029', 'NV029', b'1', '2023-08-22', b'0'),
('C20230822030', 'NV030', b'1', '2023-08-22', b'0'),
('C20230822031', 'NV031', b'1', '2023-08-22', b'0'),
('C20230822032', 'NV032', b'1', '2023-08-22', b'0'),
('C20230822033', 'NV033', b'1', '2023-08-22', b'0'),
('C20230822034', 'NV034', b'1', '2023-08-22', b'0'),
('C20230822035', 'NV035', b'1', '2023-08-22', b'0'),
('C20230822036', 'NV036', b'1', '2023-08-22', b'0'),
('C20230822037', 'NV037', b'1', '2023-08-22', b'0'),
('C20230823001', 'NV001', b'1', '2023-08-23', b'0'),
('C20230823002', 'NV002', b'1', '2023-08-23', b'0'),
('C20230823003', 'NV003', b'1', '2023-08-23', b'0'),
('C20230823004', 'NV004', b'1', '2023-08-23', b'0'),
('C20230823005', 'NV005', b'1', '2023-08-23', b'0'),
('C20230823006', 'NV006', b'1', '2023-08-23', b'0'),
('C20230823007', 'NV007', b'1', '2023-08-23', b'0'),
('C20230823008', 'NV008', b'1', '2023-08-23', b'0'),
('C20230823009', 'NV009', b'1', '2023-08-23', b'0'),
('C20230823010', 'NV010', b'1', '2023-08-23', b'0'),
('C20230823011', 'NV011', b'1', '2023-08-23', b'0'),
('C20230823012', 'NV012', b'1', '2023-08-23', b'0'),
('C20230823013', 'NV013', b'1', '2023-08-23', b'0'),
('C20230823014', 'NV014', b'1', '2023-08-23', b'0'),
('C20230823015', 'NV015', b'1', '2023-08-23', b'0'),
('C20230823016', 'NV016', b'1', '2023-08-23', b'0'),
('C20230823017', 'NV017', b'1', '2023-08-23', b'0'),
('C20230823018', 'NV018', b'1', '2023-08-23', b'0'),
('C20230823019', 'NV019', b'1', '2023-08-23', b'0'),
('C20230823020', 'NV020', b'1', '2023-08-23', b'0'),
('C20230823021', 'NV021', b'1', '2023-08-23', b'0'),
('C20230823022', 'NV022', b'1', '2023-08-23', b'0'),
('C20230823023', 'NV023', b'1', '2023-08-23', b'0'),
('C20230823024', 'NV024', b'1', '2023-08-23', b'0'),
('C20230823025', 'NV025', b'1', '2023-08-23', b'0'),
('C20230823026', 'NV026', b'1', '2023-08-23', b'0'),
('C20230823027', 'NV027', b'1', '2023-08-23', b'0'),
('C20230823028', 'NV028', b'1', '2023-08-23', b'0'),
('C20230823029', 'NV029', b'1', '2023-08-23', b'0'),
('C20230823030', 'NV030', b'1', '2023-08-23', b'0'),
('C20230823031', 'NV031', b'1', '2023-08-23', b'0'),
('C20230823032', 'NV032', b'1', '2023-08-23', b'0'),
('C20230823033', 'NV033', b'1', '2023-08-23', b'0'),
('C20230823034', 'NV034', b'1', '2023-08-23', b'0'),
('C20230823035', 'NV035', b'1', '2023-08-23', b'0'),
('C20230823036', 'NV036', b'1', '2023-08-23', b'0'),
('C20230823037', 'NV037', b'1', '2023-08-23', b'0'),
('C20230824001', 'NV001', b'1', '2023-08-24', b'0'),
('C20230824002', 'NV002', b'1', '2023-08-24', b'0'),
('C20230824003', 'NV003', b'1', '2023-08-24', b'0'),
('C20230824004', 'NV004', b'1', '2023-08-24', b'0'),
('C20230824005', 'NV005', b'1', '2023-08-24', b'0'),
('C20230824006', 'NV006', b'1', '2023-08-24', b'0'),
('C20230824007', 'NV007', b'1', '2023-08-24', b'0'),
('C20230824008', 'NV008', b'1', '2023-08-24', b'0'),
('C20230824009', 'NV009', b'1', '2023-08-24', b'0'),
('C20230824010', 'NV010', b'1', '2023-08-24', b'0'),
('C20230824011', 'NV011', b'1', '2023-08-24', b'0'),
('C20230824012', 'NV012', b'1', '2023-08-24', b'0'),
('C20230824013', 'NV013', b'1', '2023-08-24', b'0'),
('C20230824014', 'NV014', b'1', '2023-08-24', b'0'),
('C20230824015', 'NV015', b'1', '2023-08-24', b'0'),
('C20230824016', 'NV016', b'1', '2023-08-24', b'0'),
('C20230824017', 'NV017', b'1', '2023-08-24', b'0'),
('C20230824018', 'NV018', b'1', '2023-08-24', b'0'),
('C20230824019', 'NV019', b'1', '2023-08-24', b'0'),
('C20230824020', 'NV020', b'1', '2023-08-24', b'0'),
('C20230824021', 'NV021', b'1', '2023-08-24', b'0'),
('C20230824022', 'NV022', b'1', '2023-08-24', b'0'),
('C20230824023', 'NV023', b'1', '2023-08-24', b'0'),
('C20230824024', 'NV024', b'1', '2023-08-24', b'0'),
('C20230824025', 'NV025', b'1', '2023-08-24', b'0'),
('C20230824026', 'NV026', b'1', '2023-08-24', b'0'),
('C20230824027', 'NV027', b'1', '2023-08-24', b'0'),
('C20230824028', 'NV028', b'1', '2023-08-24', b'0'),
('C20230824029', 'NV029', b'1', '2023-08-24', b'0'),
('C20230824030', 'NV030', b'1', '2023-08-24', b'0'),
('C20230824031', 'NV031', b'1', '2023-08-24', b'0'),
('C20230824032', 'NV032', b'1', '2023-08-24', b'0'),
('C20230824033', 'NV033', b'1', '2023-08-24', b'0'),
('C20230824034', 'NV034', b'1', '2023-08-24', b'0'),
('C20230824035', 'NV035', b'1', '2023-08-24', b'0'),
('C20230824036', 'NV036', b'1', '2023-08-24', b'0'),
('C20230824037', 'NV037', b'1', '2023-08-24', b'0'),
('C20230825001', 'NV001', b'1', '2023-08-25', b'0'),
('C20230825002', 'NV002', b'1', '2023-08-25', b'0'),
('C20230825003', 'NV003', b'1', '2023-08-25', b'0'),
('C20230825004', 'NV004', b'1', '2023-08-25', b'0'),
('C20230825005', 'NV005', b'1', '2023-08-25', b'0'),
('C20230825006', 'NV006', b'1', '2023-08-25', b'0'),
('C20230825007', 'NV007', b'1', '2023-08-25', b'0'),
('C20230825008', 'NV008', b'1', '2023-08-25', b'0'),
('C20230825009', 'NV009', b'1', '2023-08-25', b'0'),
('C20230825010', 'NV010', b'1', '2023-08-25', b'0'),
('C20230825011', 'NV011', b'1', '2023-08-25', b'0'),
('C20230825012', 'NV012', b'1', '2023-08-25', b'0'),
('C20230825013', 'NV013', b'1', '2023-08-25', b'0'),
('C20230825014', 'NV014', b'1', '2023-08-25', b'0'),
('C20230825015', 'NV015', b'1', '2023-08-25', b'0'),
('C20230825016', 'NV016', b'1', '2023-08-25', b'0'),
('C20230825017', 'NV017', b'1', '2023-08-25', b'0'),
('C20230825018', 'NV018', b'1', '2023-08-25', b'0'),
('C20230825019', 'NV019', b'1', '2023-08-25', b'0'),
('C20230825020', 'NV020', b'1', '2023-08-25', b'0'),
('C20230825021', 'NV021', b'1', '2023-08-25', b'0'),
('C20230825022', 'NV022', b'1', '2023-08-25', b'0'),
('C20230825023', 'NV023', b'1', '2023-08-25', b'0'),
('C20230825024', 'NV024', b'1', '2023-08-25', b'0'),
('C20230825025', 'NV025', b'1', '2023-08-25', b'0'),
('C20230825026', 'NV026', b'1', '2023-08-25', b'0'),
('C20230825027', 'NV027', b'1', '2023-08-25', b'0'),
('C20230825028', 'NV028', b'1', '2023-08-25', b'0'),
('C20230825029', 'NV029', b'1', '2023-08-25', b'0'),
('C20230825030', 'NV030', b'1', '2023-08-25', b'0'),
('C20230825031', 'NV031', b'1', '2023-08-25', b'0'),
('C20230825032', 'NV032', b'1', '2023-08-25', b'0'),
('C20230825033', 'NV033', b'1', '2023-08-25', b'0'),
('C20230825034', 'NV034', b'1', '2023-08-25', b'0'),
('C20230825035', 'NV035', b'1', '2023-08-25', b'0'),
('C20230825036', 'NV036', b'1', '2023-08-25', b'0'),
('C20230825037', 'NV037', b'1', '2023-08-25', b'0'),
('C20230826001', 'NV001', b'1', '2023-08-26', b'0'),
('C20230826002', 'NV002', b'1', '2023-08-26', b'0'),
('C20230826003', 'NV003', b'1', '2023-08-26', b'0'),
('C20230826004', 'NV004', b'0', '2023-08-26', b'0'),
('C20230826005', 'NV005', b'1', '2023-08-26', b'0'),
('C20230826006', 'NV006', b'1', '2023-08-26', b'0'),
('C20230826007', 'NV007', b'1', '2023-08-26', b'0'),
('C20230826008', 'NV008', b'1', '2023-08-26', b'0'),
('C20230826009', 'NV009', b'1', '2023-08-26', b'0'),
('C20230826010', 'NV010', b'1', '2023-08-26', b'0'),
('C20230826011', 'NV011', b'0', '2023-08-26', b'0'),
('C20230826012', 'NV012', b'1', '2023-08-26', b'0'),
('C20230826013', 'NV013', b'1', '2023-08-26', b'0'),
('C20230826014', 'NV014', b'1', '2023-08-26', b'0'),
('C20230826015', 'NV015', b'0', '2023-08-26', b'0'),
('C20230826016', 'NV016', b'1', '2023-08-26', b'0'),
('C20230826017', 'NV017', b'1', '2023-08-26', b'0'),
('C20230826018', 'NV018', b'1', '2023-08-26', b'0'),
('C20230826019', 'NV019', b'0', '2023-08-26', b'0'),
('C20230826020', 'NV020', b'1', '2023-08-26', b'0'),
('C20230826021', 'NV021', b'1', '2023-08-26', b'0'),
('C20230826022', 'NV022', b'1', '2023-08-26', b'0'),
('C20230826023', 'NV023', b'1', '2023-08-26', b'0'),
('C20230826024', 'NV024', b'1', '2023-08-26', b'0'),
('C20230826025', 'NV025', b'1', '2023-08-26', b'0'),
('C20230826026', 'NV026', b'1', '2023-08-26', b'0'),
('C20230826027', 'NV027', b'1', '2023-08-26', b'0'),
('C20230826028', 'NV028', b'1', '2023-08-26', b'0'),
('C20230826029', 'NV029', b'1', '2023-08-26', b'0'),
('C20230826030', 'NV030', b'1', '2023-08-26', b'0'),
('C20230826031', 'NV031', b'1', '2023-08-26', b'0'),
('C20230826032', 'NV032', b'1', '2023-08-26', b'0'),
('C20230826033', 'NV033', b'1', '2023-08-26', b'0'),
('C20230826034', 'NV034', b'1', '2023-08-26', b'0'),
('C20230826035', 'NV035', b'1', '2023-08-26', b'0'),
('C20230826036', 'NV036', b'1', '2023-08-26', b'0'),
('C20230826037', 'NV037', b'1', '2023-08-26', b'0'),
('C20230827001', 'NV001', b'1', '2023-08-27', b'0'),
('C20230827002', 'NV002', b'0', '2023-08-27', b'0'),
('C20230827003', 'NV003', b'0', '2023-08-27', b'0'),
('C20230827004', 'NV004', b'1', '2023-08-27', b'0'),
('C20230827005', 'NV005', b'0', '2023-08-27', b'0'),
('C20230827006', 'NV006', b'0', '2023-08-27', b'0'),
('C20230827007', 'NV007', b'0', '2023-08-27', b'0'),
('C20230827008', 'NV008', b'0', '2023-08-27', b'0'),
('C20230827009', 'NV009', b'0', '2023-08-27', b'0'),
('C20230827010', 'NV010', b'0', '2023-08-27', b'0'),
('C20230827011', 'NV011', b'0', '2023-08-27', b'0'),
('C20230827012', 'NV012', b'0', '2023-08-27', b'0'),
('C20230827013', 'NV013', b'0', '2023-08-27', b'0'),
('C20230827014', 'NV014', b'0', '2023-08-27', b'0'),
('C20230827015', 'NV015', b'0', '2023-08-27', b'0'),
('C20230827016', 'NV016', b'0', '2023-08-27', b'0');
INSERT INTO `cham_cong` (`MaCong`, `MaNV`, `TinhTrang`, `Ngay`, `NghiHL`) VALUES
('C20230827017', 'NV017', b'0', '2023-08-27', b'0'),
('C20230827018', 'NV018', b'0', '2023-08-27', b'0'),
('C20230827019', 'NV019', b'0', '2023-08-27', b'0'),
('C20230827020', 'NV020', b'0', '2023-08-27', b'0'),
('C20230827021', 'NV021', b'0', '2023-08-27', b'0'),
('C20230827022', 'NV022', b'0', '2023-08-27', b'0'),
('C20230827023', 'NV023', b'0', '2023-08-27', b'0'),
('C20230827024', 'NV024', b'0', '2023-08-27', b'0'),
('C20230827025', 'NV025', b'0', '2023-08-27', b'0'),
('C20230827026', 'NV026', b'0', '2023-08-27', b'0'),
('C20230827027', 'NV027', b'0', '2023-08-27', b'0'),
('C20230827028', 'NV028', b'0', '2023-08-27', b'0'),
('C20230827029', 'NV029', b'0', '2023-08-27', b'0'),
('C20230827030', 'NV030', b'0', '2023-08-27', b'0'),
('C20230827031', 'NV031', b'0', '2023-08-27', b'0'),
('C20230827032', 'NV032', b'0', '2023-08-27', b'0'),
('C20230827033', 'NV033', b'0', '2023-08-27', b'0'),
('C20230827034', 'NV034', b'0', '2023-08-27', b'0'),
('C20230827035', 'NV035', b'0', '2023-08-27', b'0'),
('C20230827036', 'NV036', b'0', '2023-08-27', b'0'),
('C20230827037', 'NV037', b'0', '2023-08-27', b'0'),
('C20230828001', 'NV001', b'1', '2023-08-28', b'0'),
('C20230828002', 'NV002', b'1', '2023-08-28', b'0'),
('C20230828003', 'NV003', b'1', '2023-08-28', b'0'),
('C20230828004', 'NV004', b'1', '2023-08-28', b'0'),
('C20230828005', 'NV005', b'1', '2023-08-28', b'0'),
('C20230828006', 'NV006', b'1', '2023-08-28', b'0'),
('C20230828007', 'NV007', b'1', '2023-08-28', b'0'),
('C20230828008', 'NV008', b'1', '2023-08-28', b'0'),
('C20230828009', 'NV009', b'1', '2023-08-28', b'0'),
('C20230828010', 'NV010', b'1', '2023-08-28', b'0'),
('C20230828011', 'NV011', b'1', '2023-08-28', b'0'),
('C20230828012', 'NV012', b'1', '2023-08-28', b'0'),
('C20230828013', 'NV013', b'1', '2023-08-28', b'0'),
('C20230828014', 'NV014', b'1', '2023-08-28', b'0'),
('C20230828015', 'NV015', b'1', '2023-08-28', b'0'),
('C20230828016', 'NV016', b'1', '2023-08-28', b'0'),
('C20230828017', 'NV017', b'1', '2023-08-28', b'0'),
('C20230828018', 'NV018', b'1', '2023-08-28', b'0'),
('C20230828019', 'NV019', b'1', '2023-08-28', b'0'),
('C20230828020', 'NV020', b'1', '2023-08-28', b'0'),
('C20230828021', 'NV021', b'1', '2023-08-28', b'0'),
('C20230828022', 'NV022', b'1', '2023-08-28', b'0'),
('C20230828023', 'NV023', b'1', '2023-08-28', b'0'),
('C20230828024', 'NV024', b'1', '2023-08-28', b'0'),
('C20230828025', 'NV025', b'1', '2023-08-28', b'0'),
('C20230828026', 'NV026', b'1', '2023-08-28', b'0'),
('C20230828027', 'NV027', b'1', '2023-08-28', b'0'),
('C20230828028', 'NV028', b'1', '2023-08-28', b'0'),
('C20230828029', 'NV029', b'1', '2023-08-28', b'0'),
('C20230828030', 'NV030', b'1', '2023-08-28', b'0'),
('C20230828031', 'NV031', b'1', '2023-08-28', b'0'),
('C20230828032', 'NV032', b'1', '2023-08-28', b'0'),
('C20230828033', 'NV033', b'1', '2023-08-28', b'0'),
('C20230828034', 'NV034', b'1', '2023-08-28', b'0'),
('C20230828035', 'NV035', b'1', '2023-08-28', b'0'),
('C20230828036', 'NV036', b'1', '2023-08-28', b'0'),
('C20230828037', 'NV037', b'1', '2023-08-28', b'0'),
('C20230829001', 'NV001', b'1', '2023-08-29', b'0'),
('C20230829002', 'NV002', b'1', '2023-08-29', b'0'),
('C20230829003', 'NV003', b'1', '2023-08-29', b'0'),
('C20230829004', 'NV004', b'1', '2023-08-29', b'0'),
('C20230829005', 'NV005', b'1', '2023-08-29', b'0'),
('C20230829006', 'NV006', b'1', '2023-08-29', b'0'),
('C20230829007', 'NV007', b'1', '2023-08-29', b'0'),
('C20230829008', 'NV008', b'1', '2023-08-29', b'0'),
('C20230829009', 'NV009', b'1', '2023-08-29', b'0'),
('C20230829010', 'NV010', b'1', '2023-08-29', b'0'),
('C20230829011', 'NV011', b'1', '2023-08-29', b'0'),
('C20230829012', 'NV012', b'1', '2023-08-29', b'0'),
('C20230829013', 'NV013', b'1', '2023-08-29', b'0'),
('C20230829014', 'NV014', b'1', '2023-08-29', b'0'),
('C20230829015', 'NV015', b'1', '2023-08-29', b'0'),
('C20230829016', 'NV016', b'1', '2023-08-29', b'0'),
('C20230829017', 'NV017', b'1', '2023-08-29', b'0'),
('C20230829018', 'NV018', b'1', '2023-08-29', b'0'),
('C20230829019', 'NV019', b'1', '2023-08-29', b'0'),
('C20230829020', 'NV020', b'1', '2023-08-29', b'0'),
('C20230829021', 'NV021', b'1', '2023-08-29', b'0'),
('C20230829022', 'NV022', b'1', '2023-08-29', b'0'),
('C20230829023', 'NV023', b'1', '2023-08-29', b'0'),
('C20230829024', 'NV024', b'1', '2023-08-29', b'0'),
('C20230829025', 'NV025', b'1', '2023-08-29', b'0'),
('C20230829026', 'NV026', b'1', '2023-08-29', b'0'),
('C20230829027', 'NV027', b'1', '2023-08-29', b'0'),
('C20230829028', 'NV028', b'1', '2023-08-29', b'0'),
('C20230829029', 'NV029', b'1', '2023-08-29', b'0'),
('C20230829030', 'NV030', b'1', '2023-08-29', b'0'),
('C20230829031', 'NV031', b'1', '2023-08-29', b'0'),
('C20230829032', 'NV032', b'1', '2023-08-29', b'0'),
('C20230829033', 'NV033', b'1', '2023-08-29', b'0'),
('C20230829034', 'NV034', b'1', '2023-08-29', b'0'),
('C20230829035', 'NV035', b'1', '2023-08-29', b'0'),
('C20230829036', 'NV036', b'1', '2023-08-29', b'0'),
('C20230829037', 'NV037', b'1', '2023-08-29', b'0'),
('C20230830001', 'NV001', b'1', '2023-08-30', b'0'),
('C20230830002', 'NV002', b'1', '2023-08-30', b'0'),
('C20230830003', 'NV003', b'1', '2023-08-30', b'0'),
('C20230830004', 'NV004', b'1', '2023-08-30', b'0'),
('C20230830005', 'NV005', b'1', '2023-08-30', b'0'),
('C20230830006', 'NV006', b'1', '2023-08-30', b'0'),
('C20230830007', 'NV007', b'1', '2023-08-30', b'0'),
('C20230830008', 'NV008', b'1', '2023-08-30', b'0'),
('C20230830009', 'NV009', b'1', '2023-08-30', b'0'),
('C20230830010', 'NV010', b'1', '2023-08-30', b'0'),
('C20230830011', 'NV011', b'1', '2023-08-30', b'0'),
('C20230830012', 'NV012', b'1', '2023-08-30', b'0'),
('C20230830013', 'NV013', b'1', '2023-08-30', b'0'),
('C20230830014', 'NV014', b'1', '2023-08-30', b'0'),
('C20230830015', 'NV015', b'1', '2023-08-30', b'0'),
('C20230830016', 'NV016', b'1', '2023-08-30', b'0'),
('C20230830017', 'NV017', b'1', '2023-08-30', b'0'),
('C20230830018', 'NV018', b'1', '2023-08-30', b'0'),
('C20230830019', 'NV019', b'1', '2023-08-30', b'0'),
('C20230830020', 'NV020', b'1', '2023-08-30', b'0'),
('C20230830021', 'NV021', b'1', '2023-08-30', b'0'),
('C20230830022', 'NV022', b'1', '2023-08-30', b'0'),
('C20230830023', 'NV023', b'1', '2023-08-30', b'0'),
('C20230830024', 'NV024', b'1', '2023-08-30', b'0'),
('C20230830025', 'NV025', b'1', '2023-08-30', b'0'),
('C20230830026', 'NV026', b'1', '2023-08-30', b'0'),
('C20230830027', 'NV027', b'1', '2023-08-30', b'0'),
('C20230830028', 'NV028', b'1', '2023-08-30', b'0'),
('C20230830029', 'NV029', b'1', '2023-08-30', b'0'),
('C20230830030', 'NV030', b'1', '2023-08-30', b'0'),
('C20230830031', 'NV031', b'1', '2023-08-30', b'0'),
('C20230830032', 'NV032', b'1', '2023-08-30', b'0'),
('C20230830033', 'NV033', b'1', '2023-08-30', b'0'),
('C20230830034', 'NV034', b'1', '2023-08-30', b'0'),
('C20230830035', 'NV035', b'1', '2023-08-30', b'0'),
('C20230830036', 'NV036', b'1', '2023-08-30', b'0'),
('C20230830037', 'NV037', b'1', '2023-08-30', b'0'),
('C20230831001', 'NV001', b'1', '2023-08-31', b'0'),
('C20230831002', 'NV002', b'1', '2023-08-31', b'0'),
('C20230831003', 'NV003', b'1', '2023-08-31', b'0'),
('C20230831004', 'NV004', b'1', '2023-08-31', b'0'),
('C20230831005', 'NV005', b'1', '2023-08-31', b'0'),
('C20230831006', 'NV006', b'1', '2023-08-31', b'0'),
('C20230831007', 'NV007', b'1', '2023-08-31', b'0'),
('C20230831008', 'NV008', b'1', '2023-08-31', b'0'),
('C20230831009', 'NV009', b'1', '2023-08-31', b'0'),
('C20230831010', 'NV010', b'1', '2023-08-31', b'0'),
('C20230831011', 'NV011', b'1', '2023-08-31', b'0'),
('C20230831012', 'NV012', b'1', '2023-08-31', b'0'),
('C20230831013', 'NV013', b'1', '2023-08-31', b'0'),
('C20230831014', 'NV014', b'1', '2023-08-31', b'0'),
('C20230831015', 'NV015', b'1', '2023-08-31', b'0'),
('C20230831016', 'NV016', b'1', '2023-08-31', b'0'),
('C20230831017', 'NV017', b'1', '2023-08-31', b'0'),
('C20230831018', 'NV018', b'1', '2023-08-31', b'0'),
('C20230831019', 'NV019', b'1', '2023-08-31', b'0'),
('C20230831020', 'NV020', b'1', '2023-08-31', b'0'),
('C20230831021', 'NV021', b'1', '2023-08-31', b'0'),
('C20230831022', 'NV022', b'1', '2023-08-31', b'0'),
('C20230831023', 'NV023', b'1', '2023-08-31', b'0'),
('C20230831024', 'NV024', b'1', '2023-08-31', b'0'),
('C20230831025', 'NV025', b'1', '2023-08-31', b'0'),
('C20230831026', 'NV026', b'1', '2023-08-31', b'0'),
('C20230831027', 'NV027', b'1', '2023-08-31', b'0'),
('C20230831028', 'NV028', b'1', '2023-08-31', b'0'),
('C20230831029', 'NV029', b'1', '2023-08-31', b'0'),
('C20230831030', 'NV030', b'1', '2023-08-31', b'0'),
('C20230831031', 'NV031', b'1', '2023-08-31', b'0'),
('C20230831032', 'NV032', b'1', '2023-08-31', b'0'),
('C20230831033', 'NV033', b'1', '2023-08-31', b'0'),
('C20230831034', 'NV034', b'1', '2023-08-31', b'0'),
('C20230831035', 'NV035', b'1', '2023-08-31', b'0'),
('C20230831036', 'NV036', b'1', '2023-08-31', b'0'),
('C20230831037', 'NV037', b'1', '2023-08-31', b'0'),
('C20230901001', 'NV001', b'1', '2023-09-01', b'0'),
('C20230901002', 'NV002', b'1', '2023-09-01', b'0'),
('C20230901003', 'NV003', b'1', '2023-09-01', b'0'),
('C20230901004', 'NV004', b'1', '2023-09-01', b'0'),
('C20230901005', 'NV005', b'1', '2023-09-01', b'0'),
('C20230901006', 'NV006', b'1', '2023-09-01', b'0'),
('C20230901007', 'NV007', b'1', '2023-09-01', b'0'),
('C20230901008', 'NV008', b'1', '2023-09-01', b'0'),
('C20230901009', 'NV009', b'1', '2023-09-01', b'0'),
('C20230901010', 'NV010', b'1', '2023-09-01', b'0'),
('C20230901011', 'NV011', b'1', '2023-09-01', b'0'),
('C20230901012', 'NV012', b'1', '2023-09-01', b'0'),
('C20230901013', 'NV013', b'1', '2023-09-01', b'0'),
('C20230901014', 'NV014', b'1', '2023-09-01', b'0'),
('C20230901015', 'NV015', b'1', '2023-09-01', b'0'),
('C20230901016', 'NV016', b'1', '2023-09-01', b'0'),
('C20230901017', 'NV017', b'1', '2023-09-01', b'0'),
('C20230901018', 'NV018', b'1', '2023-09-01', b'0'),
('C20230901019', 'NV019', b'1', '2023-09-01', b'0'),
('C20230901020', 'NV020', b'1', '2023-09-01', b'0'),
('C20230901021', 'NV021', b'1', '2023-09-01', b'0'),
('C20230901022', 'NV022', b'1', '2023-09-01', b'0'),
('C20230901023', 'NV023', b'1', '2023-09-01', b'0'),
('C20230901024', 'NV024', b'1', '2023-09-01', b'0'),
('C20230901025', 'NV025', b'1', '2023-09-01', b'0'),
('C20230901026', 'NV026', b'1', '2023-09-01', b'0'),
('C20230901027', 'NV027', b'1', '2023-09-01', b'0'),
('C20230901028', 'NV028', b'1', '2023-09-01', b'0'),
('C20230901029', 'NV029', b'1', '2023-09-01', b'0'),
('C20230901030', 'NV030', b'1', '2023-09-01', b'0'),
('C20230901031', 'NV031', b'1', '2023-09-01', b'0'),
('C20230901032', 'NV032', b'1', '2023-09-01', b'0'),
('C20230901033', 'NV033', b'1', '2023-09-01', b'0'),
('C20230901034', 'NV034', b'1', '2023-09-01', b'0'),
('C20230901035', 'NV035', b'1', '2023-09-01', b'0'),
('C20230901036', 'NV036', b'1', '2023-09-01', b'0'),
('C20230901037', 'NV037', b'1', '2023-09-01', b'0'),
('C20230902001', 'NV001', b'0', '2023-09-02', b'1'),
('C20230902002', 'NV002', b'0', '2023-09-02', b'1'),
('C20230902003', 'NV003', b'0', '2023-09-02', b'1'),
('C20230902004', 'NV004', b'0', '2023-09-02', b'1'),
('C20230902005', 'NV005', b'0', '2023-09-02', b'1'),
('C20230902006', 'NV006', b'0', '2023-09-02', b'1'),
('C20230902007', 'NV007', b'0', '2023-09-02', b'1'),
('C20230902008', 'NV008', b'0', '2023-09-02', b'1'),
('C20230902009', 'NV009', b'0', '2023-09-02', b'1'),
('C20230902010', 'NV010', b'1', '2023-09-02', b'0'),
('C20230902011', 'NV011', b'1', '2023-09-02', b'0'),
('C20230902012', 'NV012', b'0', '2023-09-02', b'1'),
('C20230902013', 'NV013', b'0', '2023-09-02', b'1'),
('C20230902014', 'NV014', b'0', '2023-09-02', b'1'),
('C20230902015', 'NV015', b'0', '2023-09-02', b'1'),
('C20230902016', 'NV016', b'1', '2023-09-02', b'0'),
('C20230902017', 'NV017', b'0', '2023-09-02', b'1'),
('C20230902018', 'NV018', b'0', '2023-09-02', b'1'),
('C20230902019', 'NV019', b'1', '2023-09-02', b'0'),
('C20230902020', 'NV020', b'0', '2023-09-02', b'1'),
('C20230902021', 'NV021', b'0', '2023-09-02', b'1'),
('C20230902022', 'NV022', b'0', '2023-09-02', b'1'),
('C20230902023', 'NV023', b'0', '2023-09-02', b'1'),
('C20230902024', 'NV024', b'1', '2023-09-02', b'0'),
('C20230902025', 'NV025', b'1', '2023-09-02', b'0'),
('C20230902026', 'NV026', b'0', '2023-09-02', b'1'),
('C20230902027', 'NV027', b'0', '2023-09-02', b'1'),
('C20230902028', 'NV028', b'0', '2023-09-02', b'1'),
('C20230902029', 'NV029', b'0', '2023-09-02', b'1'),
('C20230902030', 'NV030', b'0', '2023-09-02', b'1'),
('C20230902031', 'NV031', b'1', '2023-09-02', b'0'),
('C20230902032', 'NV032', b'1', '2023-09-02', b'0'),
('C20230902033', 'NV033', b'0', '2023-09-02', b'1'),
('C20230902034', 'NV034', b'0', '2023-09-02', b'1'),
('C20230902035', 'NV035', b'0', '2023-09-02', b'1'),
('C20230902036', 'NV036', b'0', '2023-09-02', b'1'),
('C20230902037', 'NV037', b'0', '2023-09-02', b'1'),
('C20230903001', 'NV001', b'0', '2023-09-03', b'0'),
('C20230903002', 'NV002', b'0', '2023-09-03', b'0'),
('C20230903003', 'NV003', b'0', '2023-09-03', b'0'),
('C20230903004', 'NV004', b'0', '2023-09-03', b'0'),
('C20230903005', 'NV005', b'0', '2023-09-03', b'0'),
('C20230903006', 'NV006', b'0', '2023-09-03', b'0'),
('C20230903007', 'NV007', b'0', '2023-09-03', b'0'),
('C20230903008', 'NV008', b'0', '2023-09-03', b'0'),
('C20230903009', 'NV009', b'0', '2023-09-03', b'0'),
('C20230903010', 'NV010', b'0', '2023-09-03', b'0'),
('C20230903011', 'NV011', b'0', '2023-09-03', b'0'),
('C20230903012', 'NV012', b'0', '2023-09-03', b'0'),
('C20230903013', 'NV013', b'0', '2023-09-03', b'0'),
('C20230903014', 'NV014', b'0', '2023-09-03', b'0'),
('C20230903015', 'NV015', b'0', '2023-09-03', b'0'),
('C20230903016', 'NV016', b'0', '2023-09-03', b'0'),
('C20230903017', 'NV017', b'0', '2023-09-03', b'0'),
('C20230903018', 'NV018', b'0', '2023-09-03', b'0'),
('C20230903019', 'NV019', b'0', '2023-09-03', b'0'),
('C20230903020', 'NV020', b'0', '2023-09-03', b'0'),
('C20230903021', 'NV021', b'0', '2023-09-03', b'0'),
('C20230903022', 'NV022', b'0', '2023-09-03', b'0'),
('C20230903023', 'NV023', b'0', '2023-09-03', b'0'),
('C20230903024', 'NV024', b'0', '2023-09-03', b'0'),
('C20230903025', 'NV025', b'0', '2023-09-03', b'0'),
('C20230903026', 'NV026', b'0', '2023-09-03', b'0'),
('C20230903027', 'NV027', b'0', '2023-09-03', b'0'),
('C20230903028', 'NV028', b'0', '2023-09-03', b'0'),
('C20230903029', 'NV029', b'0', '2023-09-03', b'0'),
('C20230903030', 'NV030', b'0', '2023-09-03', b'0'),
('C20230903031', 'NV031', b'0', '2023-09-03', b'0'),
('C20230903032', 'NV032', b'0', '2023-09-03', b'0'),
('C20230903033', 'NV033', b'0', '2023-09-03', b'0'),
('C20230903034', 'NV034', b'0', '2023-09-03', b'0'),
('C20230903035', 'NV035', b'0', '2023-09-03', b'0'),
('C20230903036', 'NV036', b'0', '2023-09-03', b'0'),
('C20230903037', 'NV037', b'0', '2023-09-03', b'0'),
('C20230904001', 'NV001', b'1', '2023-09-04', b'0'),
('C20230904002', 'NV002', b'1', '2023-09-04', b'0'),
('C20230904003', 'NV003', b'1', '2023-09-04', b'0'),
('C20230904004', 'NV004', b'0', '2023-09-04', b'0'),
('C20230904005', 'NV005', b'1', '2023-09-04', b'0'),
('C20230904006', 'NV006', b'1', '2023-09-04', b'0'),
('C20230904007', 'NV007', b'1', '2023-09-04', b'0'),
('C20230904008', 'NV008', b'1', '2023-09-04', b'0'),
('C20230904009', 'NV009', b'1', '2023-09-04', b'0'),
('C20230904010', 'NV010', b'1', '2023-09-04', b'0'),
('C20230904011', 'NV011', b'1', '2023-09-04', b'0'),
('C20230904012', 'NV012', b'1', '2023-09-04', b'0'),
('C20230904013', 'NV013', b'1', '2023-09-04', b'0'),
('C20230904014', 'NV014', b'1', '2023-09-04', b'0'),
('C20230904015', 'NV015', b'1', '2023-09-04', b'0'),
('C20230904016', 'NV016', b'1', '2023-09-04', b'0'),
('C20230904017', 'NV017', b'1', '2023-09-04', b'0'),
('C20230904018', 'NV018', b'1', '2023-09-04', b'0'),
('C20230904019', 'NV019', b'1', '2023-09-04', b'0'),
('C20230904020', 'NV020', b'1', '2023-09-04', b'0'),
('C20230904021', 'NV021', b'1', '2023-09-04', b'0'),
('C20230904022', 'NV022', b'1', '2023-09-04', b'0'),
('C20230904023', 'NV023', b'1', '2023-09-04', b'0'),
('C20230904024', 'NV024', b'1', '2023-09-04', b'0'),
('C20230904025', 'NV025', b'1', '2023-09-04', b'0'),
('C20230904026', 'NV026', b'1', '2023-09-04', b'0'),
('C20230904027', 'NV027', b'1', '2023-09-04', b'0'),
('C20230904028', 'NV028', b'1', '2023-09-04', b'0'),
('C20230904029', 'NV029', b'1', '2023-09-04', b'0'),
('C20230904030', 'NV030', b'1', '2023-09-04', b'0'),
('C20230904031', 'NV031', b'1', '2023-09-04', b'0'),
('C20230904032', 'NV032', b'1', '2023-09-04', b'0'),
('C20230904033', 'NV033', b'1', '2023-09-04', b'0'),
('C20230904034', 'NV034', b'1', '2023-09-04', b'0'),
('C20230904035', 'NV035', b'1', '2023-09-04', b'0'),
('C20230904036', 'NV036', b'1', '2023-09-04', b'0'),
('C20230904037', 'NV037', b'1', '2023-09-04', b'0'),
('C20230905001', 'NV001', b'1', '2023-09-05', b'0'),
('C20230905002', 'NV002', b'1', '2023-09-05', b'0'),
('C20230905003', 'NV003', b'1', '2023-09-05', b'0'),
('C20230905004', 'NV004', b'1', '2023-09-05', b'0'),
('C20230905005', 'NV005', b'1', '2023-09-05', b'0'),
('C20230905006', 'NV006', b'1', '2023-09-05', b'0'),
('C20230905007', 'NV007', b'1', '2023-09-05', b'0'),
('C20230905008', 'NV008', b'1', '2023-09-05', b'0'),
('C20230905009', 'NV009', b'1', '2023-09-05', b'0'),
('C20230905010', 'NV010', b'0', '2023-09-05', b'0'),
('C20230905011', 'NV011', b'1', '2023-09-05', b'0'),
('C20230905012', 'NV012', b'1', '2023-09-05', b'0'),
('C20230905013', 'NV013', b'1', '2023-09-05', b'0'),
('C20230905014', 'NV014', b'1', '2023-09-05', b'0'),
('C20230905015', 'NV015', b'1', '2023-09-05', b'0'),
('C20230905016', 'NV016', b'1', '2023-09-05', b'0'),
('C20230905017', 'NV017', b'1', '2023-09-05', b'0'),
('C20230905018', 'NV018', b'1', '2023-09-05', b'0'),
('C20230905019', 'NV019', b'1', '2023-09-05', b'0'),
('C20230905020', 'NV020', b'1', '2023-09-05', b'0'),
('C20230905021', 'NV021', b'1', '2023-09-05', b'0'),
('C20230905022', 'NV022', b'1', '2023-09-05', b'0'),
('C20230905023', 'NV023', b'1', '2023-09-05', b'0'),
('C20230905024', 'NV024', b'1', '2023-09-05', b'0'),
('C20230905025', 'NV025', b'1', '2023-09-05', b'0'),
('C20230905026', 'NV026', b'1', '2023-09-05', b'0'),
('C20230905027', 'NV027', b'1', '2023-09-05', b'0'),
('C20230905028', 'NV028', b'1', '2023-09-05', b'0'),
('C20230905029', 'NV029', b'1', '2023-09-05', b'0'),
('C20230905030', 'NV030', b'1', '2023-09-05', b'0'),
('C20230905031', 'NV031', b'1', '2023-09-05', b'0'),
('C20230905032', 'NV032', b'1', '2023-09-05', b'0'),
('C20230905033', 'NV033', b'1', '2023-09-05', b'0'),
('C20230905034', 'NV034', b'1', '2023-09-05', b'0'),
('C20230905035', 'NV035', b'1', '2023-09-05', b'0'),
('C20230905036', 'NV036', b'1', '2023-09-05', b'0'),
('C20230905037', 'NV037', b'1', '2023-09-05', b'0'),
('C20230906001', 'NV001', b'1', '2023-09-06', b'0'),
('C20230906002', 'NV002', b'1', '2023-09-06', b'0'),
('C20230906003', 'NV003', b'1', '2023-09-06', b'0'),
('C20230906004', 'NV004', b'1', '2023-09-06', b'0'),
('C20230906005', 'NV005', b'1', '2023-09-06', b'0'),
('C20230906006', 'NV006', b'1', '2023-09-06', b'0'),
('C20230906007', 'NV007', b'1', '2023-09-06', b'0'),
('C20230906008', 'NV008', b'1', '2023-09-06', b'0'),
('C20230906009', 'NV009', b'1', '2023-09-06', b'0'),
('C20230906010', 'NV010', b'1', '2023-09-06', b'0'),
('C20230906011', 'NV011', b'1', '2023-09-06', b'0'),
('C20230906012', 'NV012', b'1', '2023-09-06', b'0'),
('C20230906013', 'NV013', b'1', '2023-09-06', b'0'),
('C20230906014', 'NV014', b'1', '2023-09-06', b'0'),
('C20230906015', 'NV015', b'1', '2023-09-06', b'0'),
('C20230906016', 'NV016', b'1', '2023-09-06', b'0'),
('C20230906017', 'NV017', b'1', '2023-09-06', b'0'),
('C20230906018', 'NV018', b'1', '2023-09-06', b'0'),
('C20230906019', 'NV019', b'1', '2023-09-06', b'0'),
('C20230906020', 'NV020', b'1', '2023-09-06', b'0'),
('C20230906021', 'NV021', b'1', '2023-09-06', b'0'),
('C20230906022', 'NV022', b'1', '2023-09-06', b'0'),
('C20230906023', 'NV023', b'1', '2023-09-06', b'0'),
('C20230906024', 'NV024', b'1', '2023-09-06', b'0'),
('C20230906025', 'NV025', b'1', '2023-09-06', b'0'),
('C20230906026', 'NV026', b'1', '2023-09-06', b'0'),
('C20230906027', 'NV027', b'1', '2023-09-06', b'0'),
('C20230906028', 'NV028', b'1', '2023-09-06', b'0'),
('C20230906029', 'NV029', b'1', '2023-09-06', b'0'),
('C20230906030', 'NV030', b'1', '2023-09-06', b'0'),
('C20230906031', 'NV031', b'1', '2023-09-06', b'0'),
('C20230906032', 'NV032', b'1', '2023-09-06', b'0'),
('C20230906033', 'NV033', b'1', '2023-09-06', b'0'),
('C20230906034', 'NV034', b'1', '2023-09-06', b'0'),
('C20230906035', 'NV035', b'1', '2023-09-06', b'0'),
('C20230906036', 'NV036', b'1', '2023-09-06', b'0'),
('C20230906037', 'NV037', b'1', '2023-09-06', b'0'),
('C20230907001', 'NV001', b'1', '2023-09-07', b'0'),
('C20230907002', 'NV002', b'1', '2023-09-07', b'0'),
('C20230907003', 'NV003', b'1', '2023-09-07', b'0'),
('C20230907004', 'NV004', b'1', '2023-09-07', b'0'),
('C20230907005', 'NV005', b'1', '2023-09-07', b'0'),
('C20230907006', 'NV006', b'1', '2023-09-07', b'0'),
('C20230907007', 'NV007', b'1', '2023-09-07', b'0'),
('C20230907008', 'NV008', b'1', '2023-09-07', b'0'),
('C20230907009', 'NV009', b'1', '2023-09-07', b'0'),
('C20230907010', 'NV010', b'1', '2023-09-07', b'0'),
('C20230907011', 'NV011', b'1', '2023-09-07', b'0'),
('C20230907012', 'NV012', b'1', '2023-09-07', b'0'),
('C20230907013', 'NV013', b'1', '2023-09-07', b'0'),
('C20230907014', 'NV014', b'1', '2023-09-07', b'0'),
('C20230907015', 'NV015', b'1', '2023-09-07', b'0'),
('C20230907016', 'NV016', b'1', '2023-09-07', b'0'),
('C20230907017', 'NV017', b'1', '2023-09-07', b'0'),
('C20230907018', 'NV018', b'1', '2023-09-07', b'0'),
('C20230907019', 'NV019', b'1', '2023-09-07', b'0'),
('C20230907020', 'NV020', b'1', '2023-09-07', b'0'),
('C20230907021', 'NV021', b'1', '2023-09-07', b'0'),
('C20230907022', 'NV022', b'1', '2023-09-07', b'0'),
('C20230907023', 'NV023', b'1', '2023-09-07', b'0'),
('C20230907024', 'NV024', b'1', '2023-09-07', b'0'),
('C20230907025', 'NV025', b'1', '2023-09-07', b'0'),
('C20230907026', 'NV026', b'1', '2023-09-07', b'0'),
('C20230907027', 'NV027', b'1', '2023-09-07', b'0'),
('C20230907028', 'NV028', b'1', '2023-09-07', b'0'),
('C20230907029', 'NV029', b'1', '2023-09-07', b'0'),
('C20230907030', 'NV030', b'1', '2023-09-07', b'0'),
('C20230907031', 'NV031', b'1', '2023-09-07', b'0'),
('C20230907032', 'NV032', b'1', '2023-09-07', b'0'),
('C20230907033', 'NV033', b'1', '2023-09-07', b'0'),
('C20230907034', 'NV034', b'1', '2023-09-07', b'0'),
('C20230907035', 'NV035', b'1', '2023-09-07', b'0'),
('C20230907036', 'NV036', b'1', '2023-09-07', b'0'),
('C20230907037', 'NV037', b'1', '2023-09-07', b'0'),
('C20230908001', 'NV001', b'1', '2023-09-08', b'0'),
('C20230908002', 'NV002', b'1', '2023-09-08', b'0'),
('C20230908003', 'NV003', b'1', '2023-09-08', b'0'),
('C20230908004', 'NV004', b'1', '2023-09-08', b'0'),
('C20230908005', 'NV005', b'1', '2023-09-08', b'0'),
('C20230908006', 'NV006', b'1', '2023-09-08', b'0'),
('C20230908007', 'NV007', b'1', '2023-09-08', b'0'),
('C20230908008', 'NV008', b'1', '2023-09-08', b'0'),
('C20230908009', 'NV009', b'1', '2023-09-08', b'0'),
('C20230908010', 'NV010', b'1', '2023-09-08', b'0'),
('C20230908011', 'NV011', b'1', '2023-09-08', b'0'),
('C20230908012', 'NV012', b'1', '2023-09-08', b'0'),
('C20230908013', 'NV013', b'1', '2023-09-08', b'0'),
('C20230908014', 'NV014', b'1', '2023-09-08', b'0'),
('C20230908015', 'NV015', b'1', '2023-09-08', b'0'),
('C20230908016', 'NV016', b'1', '2023-09-08', b'0'),
('C20230908017', 'NV017', b'1', '2023-09-08', b'0'),
('C20230908018', 'NV018', b'1', '2023-09-08', b'0'),
('C20230908019', 'NV019', b'1', '2023-09-08', b'0'),
('C20230908020', 'NV020', b'1', '2023-09-08', b'0'),
('C20230908021', 'NV021', b'1', '2023-09-08', b'0'),
('C20230908022', 'NV022', b'1', '2023-09-08', b'0'),
('C20230908023', 'NV023', b'1', '2023-09-08', b'0'),
('C20230908024', 'NV024', b'1', '2023-09-08', b'0'),
('C20230908025', 'NV025', b'1', '2023-09-08', b'0'),
('C20230908026', 'NV026', b'1', '2023-09-08', b'0'),
('C20230908027', 'NV027', b'1', '2023-09-08', b'0'),
('C20230908028', 'NV028', b'1', '2023-09-08', b'0'),
('C20230908029', 'NV029', b'1', '2023-09-08', b'0'),
('C20230908030', 'NV030', b'1', '2023-09-08', b'0'),
('C20230908031', 'NV031', b'1', '2023-09-08', b'0'),
('C20230908032', 'NV032', b'1', '2023-09-08', b'0'),
('C20230908033', 'NV033', b'1', '2023-09-08', b'0'),
('C20230908034', 'NV034', b'1', '2023-09-08', b'0'),
('C20230908035', 'NV035', b'1', '2023-09-08', b'0'),
('C20230908036', 'NV036', b'1', '2023-09-08', b'0'),
('C20230908037', 'NV037', b'1', '2023-09-08', b'0'),
('C20230909001', 'NV001', b'1', '2023-09-09', b'0'),
('C20230909002', 'NV002', b'1', '2023-09-09', b'0'),
('C20230909003', 'NV003', b'1', '2023-09-09', b'0'),
('C20230909004', 'NV004', b'1', '2023-09-09', b'0'),
('C20230909005', 'NV005', b'1', '2023-09-09', b'0'),
('C20230909006', 'NV006', b'1', '2023-09-09', b'0'),
('C20230909007', 'NV007', b'1', '2023-09-09', b'0'),
('C20230909008', 'NV008', b'1', '2023-09-09', b'0'),
('C20230909009', 'NV009', b'1', '2023-09-09', b'0'),
('C20230909010', 'NV010', b'1', '2023-09-09', b'0'),
('C20230909011', 'NV011', b'1', '2023-09-09', b'0'),
('C20230909012', 'NV012', b'1', '2023-09-09', b'0'),
('C20230909013', 'NV013', b'1', '2023-09-09', b'0'),
('C20230909014', 'NV014', b'1', '2023-09-09', b'0'),
('C20230909015', 'NV015', b'1', '2023-09-09', b'0'),
('C20230909016', 'NV016', b'1', '2023-09-09', b'0'),
('C20230909017', 'NV017', b'1', '2023-09-09', b'0'),
('C20230909018', 'NV018', b'1', '2023-09-09', b'0'),
('C20230909019', 'NV019', b'1', '2023-09-09', b'0'),
('C20230909020', 'NV020', b'1', '2023-09-09', b'0'),
('C20230909021', 'NV021', b'1', '2023-09-09', b'0'),
('C20230909022', 'NV022', b'1', '2023-09-09', b'0'),
('C20230909023', 'NV023', b'1', '2023-09-09', b'0'),
('C20230909024', 'NV024', b'1', '2023-09-09', b'0'),
('C20230909025', 'NV025', b'1', '2023-09-09', b'0'),
('C20230909026', 'NV026', b'1', '2023-09-09', b'0'),
('C20230909027', 'NV027', b'1', '2023-09-09', b'0'),
('C20230909028', 'NV028', b'1', '2023-09-09', b'0'),
('C20230909029', 'NV029', b'1', '2023-09-09', b'0'),
('C20230909030', 'NV030', b'1', '2023-09-09', b'0'),
('C20230909031', 'NV031', b'1', '2023-09-09', b'0'),
('C20230909032', 'NV032', b'1', '2023-09-09', b'0'),
('C20230909033', 'NV033', b'1', '2023-09-09', b'0'),
('C20230909034', 'NV034', b'1', '2023-09-09', b'0'),
('C20230909035', 'NV035', b'1', '2023-09-09', b'0'),
('C20230909036', 'NV036', b'1', '2023-09-09', b'0'),
('C20230909037', 'NV037', b'1', '2023-09-09', b'0'),
('C20230910001', 'NV001', b'0', '2023-09-10', b'0'),
('C20230910002', 'NV002', b'0', '2023-09-10', b'0'),
('C20230910003', 'NV003', b'0', '2023-09-10', b'0'),
('C20230910004', 'NV004', b'0', '2023-09-10', b'0'),
('C20230910005', 'NV005', b'1', '2023-09-10', b'0'),
('C20230910006', 'NV006', b'0', '2023-09-10', b'0'),
('C20230910007', 'NV007', b'0', '2023-09-10', b'0'),
('C20230910008', 'NV008', b'0', '2023-09-10', b'0'),
('C20230910009', 'NV009', b'1', '2023-09-10', b'0'),
('C20230910010', 'NV010', b'0', '2023-09-10', b'0'),
('C20230910011', 'NV011', b'0', '2023-09-10', b'0'),
('C20230910012', 'NV012', b'0', '2023-09-10', b'0'),
('C20230910013', 'NV013', b'0', '2023-09-10', b'0'),
('C20230910014', 'NV014', b'0', '2023-09-10', b'0'),
('C20230910015', 'NV015', b'0', '2023-09-10', b'0'),
('C20230910016', 'NV016', b'1', '2023-09-10', b'0'),
('C20230910017', 'NV017', b'0', '2023-09-10', b'0'),
('C20230910018', 'NV018', b'0', '2023-09-10', b'0'),
('C20230910019', 'NV019', b'0', '2023-09-10', b'0'),
('C20230910020', 'NV020', b'0', '2023-09-10', b'0'),
('C20230910021', 'NV021', b'1', '2023-09-10', b'0'),
('C20230910022', 'NV022', b'0', '2023-09-10', b'0'),
('C20230910023', 'NV023', b'0', '2023-09-10', b'0'),
('C20230910024', 'NV024', b'1', '2023-09-10', b'0'),
('C20230910025', 'NV025', b'0', '2023-09-10', b'0'),
('C20230910026', 'NV026', b'0', '2023-09-10', b'0'),
('C20230910027', 'NV027', b'0', '2023-09-10', b'0'),
('C20230910028', 'NV028', b'0', '2023-09-10', b'0'),
('C20230910029', 'NV029', b'0', '2023-09-10', b'0'),
('C20230910030', 'NV030', b'0', '2023-09-10', b'0'),
('C20230910031', 'NV031', b'0', '2023-09-10', b'0'),
('C20230910032', 'NV032', b'1', '2023-09-10', b'0'),
('C20230910033', 'NV033', b'0', '2023-09-10', b'0'),
('C20230910034', 'NV034', b'0', '2023-09-10', b'0'),
('C20230910035', 'NV035', b'0', '2023-09-10', b'0'),
('C20230910036', 'NV036', b'0', '2023-09-10', b'0'),
('C20230910037', 'NV037', b'0', '2023-09-10', b'0'),
('C20230911001', 'NV001', b'1', '2023-09-11', b'0'),
('C20230911002', 'NV002', b'1', '2023-09-11', b'0'),
('C20230911003', 'NV003', b'1', '2023-09-11', b'0'),
('C20230911004', 'NV004', b'1', '2023-09-11', b'0'),
('C20230911005', 'NV005', b'1', '2023-09-11', b'0'),
('C20230911006', 'NV006', b'1', '2023-09-11', b'0'),
('C20230911007', 'NV007', b'1', '2023-09-11', b'0'),
('C20230911008', 'NV008', b'1', '2023-09-11', b'0'),
('C20230911009', 'NV009', b'1', '2023-09-11', b'0'),
('C20230911010', 'NV010', b'1', '2023-09-11', b'0'),
('C20230911011', 'NV011', b'1', '2023-09-11', b'0'),
('C20230911012', 'NV012', b'1', '2023-09-11', b'0'),
('C20230911013', 'NV013', b'1', '2023-09-11', b'0'),
('C20230911014', 'NV014', b'1', '2023-09-11', b'0'),
('C20230911015', 'NV015', b'1', '2023-09-11', b'0'),
('C20230911016', 'NV016', b'1', '2023-09-11', b'0'),
('C20230911017', 'NV017', b'1', '2023-09-11', b'0'),
('C20230911018', 'NV018', b'1', '2023-09-11', b'0'),
('C20230911019', 'NV019', b'1', '2023-09-11', b'0'),
('C20230911020', 'NV020', b'1', '2023-09-11', b'0'),
('C20230911021', 'NV021', b'1', '2023-09-11', b'0'),
('C20230911022', 'NV022', b'1', '2023-09-11', b'0'),
('C20230911023', 'NV023', b'1', '2023-09-11', b'0'),
('C20230911024', 'NV024', b'1', '2023-09-11', b'0'),
('C20230911025', 'NV025', b'1', '2023-09-11', b'0'),
('C20230911026', 'NV026', b'1', '2023-09-11', b'0'),
('C20230911027', 'NV027', b'1', '2023-09-11', b'0'),
('C20230911028', 'NV028', b'1', '2023-09-11', b'0'),
('C20230911029', 'NV029', b'1', '2023-09-11', b'0'),
('C20230911030', 'NV030', b'1', '2023-09-11', b'0'),
('C20230911031', 'NV031', b'1', '2023-09-11', b'0'),
('C20230911032', 'NV032', b'1', '2023-09-11', b'0'),
('C20230911033', 'NV033', b'1', '2023-09-11', b'0'),
('C20230911034', 'NV034', b'1', '2023-09-11', b'0'),
('C20230911035', 'NV035', b'1', '2023-09-11', b'0'),
('C20230911036', 'NV036', b'1', '2023-09-11', b'0'),
('C20230911037', 'NV037', b'1', '2023-09-11', b'0'),
('C20230912001', 'NV001', b'1', '2023-09-12', b'0'),
('C20230912002', 'NV002', b'1', '2023-09-12', b'0'),
('C20230912003', 'NV003', b'1', '2023-09-12', b'0'),
('C20230912004', 'NV004', b'1', '2023-09-12', b'0'),
('C20230912005', 'NV005', b'1', '2023-09-12', b'0'),
('C20230912006', 'NV006', b'1', '2023-09-12', b'0'),
('C20230912007', 'NV007', b'1', '2023-09-12', b'0'),
('C20230912008', 'NV008', b'1', '2023-09-12', b'0'),
('C20230912009', 'NV009', b'1', '2023-09-12', b'0'),
('C20230912010', 'NV010', b'1', '2023-09-12', b'0'),
('C20230912011', 'NV011', b'1', '2023-09-12', b'0'),
('C20230912012', 'NV012', b'1', '2023-09-12', b'0'),
('C20230912013', 'NV013', b'1', '2023-09-12', b'0'),
('C20230912014', 'NV014', b'1', '2023-09-12', b'0'),
('C20230912015', 'NV015', b'1', '2023-09-12', b'0'),
('C20230912016', 'NV016', b'1', '2023-09-12', b'0'),
('C20230912017', 'NV017', b'1', '2023-09-12', b'0'),
('C20230912018', 'NV018', b'1', '2023-09-12', b'0'),
('C20230912019', 'NV019', b'1', '2023-09-12', b'0'),
('C20230912020', 'NV020', b'1', '2023-09-12', b'0'),
('C20230912021', 'NV021', b'1', '2023-09-12', b'0'),
('C20230912022', 'NV022', b'1', '2023-09-12', b'0'),
('C20230912023', 'NV023', b'1', '2023-09-12', b'0'),
('C20230912024', 'NV024', b'1', '2023-09-12', b'0'),
('C20230912025', 'NV025', b'1', '2023-09-12', b'0'),
('C20230912026', 'NV026', b'1', '2023-09-12', b'0'),
('C20230912027', 'NV027', b'1', '2023-09-12', b'0'),
('C20230912028', 'NV028', b'1', '2023-09-12', b'0'),
('C20230912029', 'NV029', b'1', '2023-09-12', b'0'),
('C20230912030', 'NV030', b'1', '2023-09-12', b'0'),
('C20230912031', 'NV031', b'1', '2023-09-12', b'0'),
('C20230912032', 'NV032', b'1', '2023-09-12', b'0'),
('C20230912033', 'NV033', b'1', '2023-09-12', b'0'),
('C20230912034', 'NV034', b'1', '2023-09-12', b'0'),
('C20230912035', 'NV035', b'1', '2023-09-12', b'0'),
('C20230912036', 'NV036', b'1', '2023-09-12', b'0'),
('C20230912037', 'NV037', b'1', '2023-09-12', b'0'),
('C20230913001', 'NV001', b'1', '2023-09-13', b'0'),
('C20230913002', 'NV002', b'1', '2023-09-13', b'0'),
('C20230913003', 'NV003', b'1', '2023-09-13', b'0'),
('C20230913004', 'NV004', b'1', '2023-09-13', b'0'),
('C20230913005', 'NV005', b'1', '2023-09-13', b'0'),
('C20230913006', 'NV006', b'1', '2023-09-13', b'0'),
('C20230913007', 'NV007', b'1', '2023-09-13', b'0'),
('C20230913008', 'NV008', b'1', '2023-09-13', b'0'),
('C20230913009', 'NV009', b'1', '2023-09-13', b'0'),
('C20230913010', 'NV010', b'1', '2023-09-13', b'0'),
('C20230913011', 'NV011', b'1', '2023-09-13', b'0'),
('C20230913012', 'NV012', b'1', '2023-09-13', b'0'),
('C20230913013', 'NV013', b'1', '2023-09-13', b'0'),
('C20230913014', 'NV014', b'1', '2023-09-13', b'0'),
('C20230913015', 'NV015', b'1', '2023-09-13', b'0'),
('C20230913016', 'NV016', b'1', '2023-09-13', b'0'),
('C20230913017', 'NV017', b'1', '2023-09-13', b'0'),
('C20230913018', 'NV018', b'1', '2023-09-13', b'0'),
('C20230913019', 'NV019', b'1', '2023-09-13', b'0'),
('C20230913020', 'NV020', b'1', '2023-09-13', b'0'),
('C20230913021', 'NV021', b'1', '2023-09-13', b'0'),
('C20230913022', 'NV022', b'1', '2023-09-13', b'0'),
('C20230913023', 'NV023', b'1', '2023-09-13', b'0'),
('C20230913024', 'NV024', b'1', '2023-09-13', b'0'),
('C20230913025', 'NV025', b'1', '2023-09-13', b'0'),
('C20230913026', 'NV026', b'1', '2023-09-13', b'0'),
('C20230913027', 'NV027', b'1', '2023-09-13', b'0'),
('C20230913028', 'NV028', b'1', '2023-09-13', b'0'),
('C20230913029', 'NV029', b'1', '2023-09-13', b'0'),
('C20230913030', 'NV030', b'1', '2023-09-13', b'0'),
('C20230913031', 'NV031', b'1', '2023-09-13', b'0'),
('C20230913032', 'NV032', b'1', '2023-09-13', b'0'),
('C20230913033', 'NV033', b'1', '2023-09-13', b'0'),
('C20230913034', 'NV034', b'1', '2023-09-13', b'0'),
('C20230913035', 'NV035', b'1', '2023-09-13', b'0'),
('C20230913036', 'NV036', b'1', '2023-09-13', b'0'),
('C20230913037', 'NV037', b'1', '2023-09-13', b'0'),
('C20230914001', 'NV001', b'1', '2023-09-14', b'0'),
('C20230914002', 'NV002', b'1', '2023-09-14', b'0'),
('C20230914003', 'NV003', b'1', '2023-09-14', b'0'),
('C20230914004', 'NV004', b'0', '2023-09-14', b'0'),
('C20230914005', 'NV005', b'1', '2023-09-14', b'0'),
('C20230914006', 'NV006', b'1', '2023-09-14', b'0'),
('C20230914007', 'NV007', b'1', '2023-09-14', b'0'),
('C20230914008', 'NV008', b'1', '2023-09-14', b'0'),
('C20230914009', 'NV009', b'1', '2023-09-14', b'0'),
('C20230914010', 'NV010', b'1', '2023-09-14', b'0'),
('C20230914011', 'NV011', b'1', '2023-09-14', b'0'),
('C20230914012', 'NV012', b'1', '2023-09-14', b'0'),
('C20230914013', 'NV013', b'1', '2023-09-14', b'0'),
('C20230914014', 'NV014', b'1', '2023-09-14', b'0'),
('C20230914015', 'NV015', b'1', '2023-09-14', b'0'),
('C20230914016', 'NV016', b'1', '2023-09-14', b'0'),
('C20230914017', 'NV017', b'1', '2023-09-14', b'0'),
('C20230914018', 'NV018', b'1', '2023-09-14', b'0'),
('C20230914019', 'NV019', b'1', '2023-09-14', b'0'),
('C20230914020', 'NV020', b'1', '2023-09-14', b'0'),
('C20230914021', 'NV021', b'1', '2023-09-14', b'0'),
('C20230914022', 'NV022', b'1', '2023-09-14', b'0'),
('C20230914023', 'NV023', b'1', '2023-09-14', b'0'),
('C20230914024', 'NV024', b'1', '2023-09-14', b'0'),
('C20230914025', 'NV025', b'1', '2023-09-14', b'0'),
('C20230914026', 'NV026', b'1', '2023-09-14', b'0'),
('C20230914027', 'NV027', b'1', '2023-09-14', b'0'),
('C20230914028', 'NV028', b'1', '2023-09-14', b'0'),
('C20230914029', 'NV029', b'1', '2023-09-14', b'0'),
('C20230914030', 'NV030', b'1', '2023-09-14', b'0'),
('C20230914031', 'NV031', b'1', '2023-09-14', b'0'),
('C20230914032', 'NV032', b'1', '2023-09-14', b'0'),
('C20230914033', 'NV033', b'1', '2023-09-14', b'0'),
('C20230914034', 'NV034', b'1', '2023-09-14', b'0'),
('C20230914035', 'NV035', b'1', '2023-09-14', b'0'),
('C20230914036', 'NV036', b'1', '2023-09-14', b'0'),
('C20230914037', 'NV037', b'1', '2023-09-14', b'0'),
('C20230915001', 'NV001', b'1', '2023-09-15', b'0'),
('C20230915002', 'NV002', b'1', '2023-09-15', b'0'),
('C20230915003', 'NV003', b'1', '2023-09-15', b'0'),
('C20230915004', 'NV004', b'1', '2023-09-15', b'0'),
('C20230915005', 'NV005', b'1', '2023-09-15', b'0'),
('C20230915006', 'NV006', b'1', '2023-09-15', b'0'),
('C20230915007', 'NV007', b'1', '2023-09-15', b'0'),
('C20230915008', 'NV008', b'1', '2023-09-15', b'0'),
('C20230915009', 'NV009', b'1', '2023-09-15', b'0'),
('C20230915010', 'NV010', b'1', '2023-09-15', b'0'),
('C20230915011', 'NV011', b'1', '2023-09-15', b'0'),
('C20230915012', 'NV012', b'1', '2023-09-15', b'0'),
('C20230915013', 'NV013', b'1', '2023-09-15', b'0'),
('C20230915014', 'NV014', b'1', '2023-09-15', b'0'),
('C20230915015', 'NV015', b'1', '2023-09-15', b'0'),
('C20230915016', 'NV016', b'1', '2023-09-15', b'0'),
('C20230915017', 'NV017', b'1', '2023-09-15', b'0'),
('C20230915018', 'NV018', b'1', '2023-09-15', b'0'),
('C20230915019', 'NV019', b'1', '2023-09-15', b'0'),
('C20230915020', 'NV020', b'1', '2023-09-15', b'0'),
('C20230915021', 'NV021', b'1', '2023-09-15', b'0'),
('C20230915022', 'NV022', b'1', '2023-09-15', b'0'),
('C20230915023', 'NV023', b'1', '2023-09-15', b'0'),
('C20230915024', 'NV024', b'1', '2023-09-15', b'0'),
('C20230915025', 'NV025', b'1', '2023-09-15', b'0'),
('C20230915026', 'NV026', b'1', '2023-09-15', b'0'),
('C20230915027', 'NV027', b'1', '2023-09-15', b'0'),
('C20230915028', 'NV028', b'1', '2023-09-15', b'0'),
('C20230915029', 'NV029', b'1', '2023-09-15', b'0'),
('C20230915030', 'NV030', b'1', '2023-09-15', b'0'),
('C20230915031', 'NV031', b'1', '2023-09-15', b'0'),
('C20230915032', 'NV032', b'1', '2023-09-15', b'0'),
('C20230915033', 'NV033', b'1', '2023-09-15', b'0'),
('C20230915034', 'NV034', b'1', '2023-09-15', b'0'),
('C20230915035', 'NV035', b'1', '2023-09-15', b'0'),
('C20230915036', 'NV036', b'1', '2023-09-15', b'0'),
('C20230915037', 'NV037', b'1', '2023-09-15', b'0'),
('C20230916001', 'NV001', b'1', '2023-09-16', b'0'),
('C20230916002', 'NV002', b'1', '2023-09-16', b'0'),
('C20230916003', 'NV003', b'1', '2023-09-16', b'0'),
('C20230916004', 'NV004', b'1', '2023-09-16', b'0'),
('C20230916005', 'NV005', b'1', '2023-09-16', b'0'),
('C20230916006', 'NV006', b'1', '2023-09-16', b'0'),
('C20230916007', 'NV007', b'1', '2023-09-16', b'0'),
('C20230916008', 'NV008', b'1', '2023-09-16', b'0'),
('C20230916009', 'NV009', b'1', '2023-09-16', b'0'),
('C20230916010', 'NV010', b'1', '2023-09-16', b'0'),
('C20230916011', 'NV011', b'1', '2023-09-16', b'0'),
('C20230916012', 'NV012', b'1', '2023-09-16', b'0'),
('C20230916013', 'NV013', b'1', '2023-09-16', b'0'),
('C20230916014', 'NV014', b'1', '2023-09-16', b'0'),
('C20230916015', 'NV015', b'1', '2023-09-16', b'0'),
('C20230916016', 'NV016', b'1', '2023-09-16', b'0'),
('C20230916017', 'NV017', b'1', '2023-09-16', b'0'),
('C20230916018', 'NV018', b'1', '2023-09-16', b'0'),
('C20230916019', 'NV019', b'1', '2023-09-16', b'0'),
('C20230916020', 'NV020', b'1', '2023-09-16', b'0'),
('C20230916021', 'NV021', b'1', '2023-09-16', b'0'),
('C20230916022', 'NV022', b'1', '2023-09-16', b'0'),
('C20230916023', 'NV023', b'1', '2023-09-16', b'0'),
('C20230916024', 'NV024', b'1', '2023-09-16', b'0'),
('C20230916025', 'NV025', b'1', '2023-09-16', b'0'),
('C20230916026', 'NV026', b'1', '2023-09-16', b'0'),
('C20230916027', 'NV027', b'1', '2023-09-16', b'0'),
('C20230916028', 'NV028', b'1', '2023-09-16', b'0'),
('C20230916029', 'NV029', b'1', '2023-09-16', b'0'),
('C20230916030', 'NV030', b'1', '2023-09-16', b'0'),
('C20230916031', 'NV031', b'1', '2023-09-16', b'0'),
('C20230916032', 'NV032', b'1', '2023-09-16', b'0'),
('C20230916033', 'NV033', b'1', '2023-09-16', b'0'),
('C20230916034', 'NV034', b'1', '2023-09-16', b'0'),
('C20230916035', 'NV035', b'1', '2023-09-16', b'0'),
('C20230916036', 'NV036', b'1', '2023-09-16', b'0'),
('C20230916037', 'NV037', b'1', '2023-09-16', b'0'),
('C20230917001', 'NV001', b'0', '2023-09-17', b'0'),
('C20230917002', 'NV002', b'0', '2023-09-17', b'0'),
('C20230917003', 'NV003', b'0', '2023-09-17', b'0'),
('C20230917004', 'NV004', b'0', '2023-09-17', b'0'),
('C20230917005', 'NV005', b'0', '2023-09-17', b'0'),
('C20230917006', 'NV006', b'0', '2023-09-17', b'0'),
('C20230917007', 'NV007', b'0', '2023-09-17', b'0'),
('C20230917008', 'NV008', b'0', '2023-09-17', b'0'),
('C20230917009', 'NV009', b'0', '2023-09-17', b'0'),
('C20230917010', 'NV010', b'0', '2023-09-17', b'0'),
('C20230917011', 'NV011', b'0', '2023-09-17', b'0'),
('C20230917012', 'NV012', b'0', '2023-09-17', b'0'),
('C20230917013', 'NV013', b'0', '2023-09-17', b'0'),
('C20230917014', 'NV014', b'0', '2023-09-17', b'0'),
('C20230917015', 'NV015', b'0', '2023-09-17', b'0'),
('C20230917016', 'NV016', b'0', '2023-09-17', b'0'),
('C20230917017', 'NV017', b'0', '2023-09-17', b'0'),
('C20230917018', 'NV018', b'0', '2023-09-17', b'0'),
('C20230917019', 'NV019', b'0', '2023-09-17', b'0'),
('C20230917020', 'NV020', b'0', '2023-09-17', b'0'),
('C20230917021', 'NV021', b'0', '2023-09-17', b'0'),
('C20230917022', 'NV022', b'0', '2023-09-17', b'0'),
('C20230917023', 'NV023', b'0', '2023-09-17', b'0'),
('C20230917024', 'NV024', b'0', '2023-09-17', b'0'),
('C20230917025', 'NV025', b'0', '2023-09-17', b'0'),
('C20230917026', 'NV026', b'0', '2023-09-17', b'0'),
('C20230917027', 'NV027', b'0', '2023-09-17', b'0'),
('C20230917028', 'NV028', b'0', '2023-09-17', b'0'),
('C20230917029', 'NV029', b'0', '2023-09-17', b'0'),
('C20230917030', 'NV030', b'0', '2023-09-17', b'0'),
('C20230917031', 'NV031', b'0', '2023-09-17', b'0'),
('C20230917032', 'NV032', b'0', '2023-09-17', b'0'),
('C20230917033', 'NV033', b'0', '2023-09-17', b'0'),
('C20230917034', 'NV034', b'0', '2023-09-17', b'0'),
('C20230917035', 'NV035', b'0', '2023-09-17', b'0'),
('C20230917036', 'NV036', b'0', '2023-09-17', b'0'),
('C20230917037', 'NV037', b'0', '2023-09-17', b'0'),
('C20230918001', 'NV001', b'1', '2023-09-18', b'0'),
('C20230918002', 'NV002', b'1', '2023-09-18', b'0'),
('C20230918003', 'NV003', b'1', '2023-09-18', b'0'),
('C20230918004', 'NV004', b'1', '2023-09-18', b'0'),
('C20230918005', 'NV005', b'1', '2023-09-18', b'0'),
('C20230918006', 'NV006', b'1', '2023-09-18', b'0'),
('C20230918007', 'NV007', b'1', '2023-09-18', b'0'),
('C20230918008', 'NV008', b'1', '2023-09-18', b'0'),
('C20230918009', 'NV009', b'1', '2023-09-18', b'0'),
('C20230918010', 'NV010', b'1', '2023-09-18', b'0'),
('C20230918011', 'NV011', b'1', '2023-09-18', b'0'),
('C20230918012', 'NV012', b'1', '2023-09-18', b'0'),
('C20230918013', 'NV013', b'1', '2023-09-18', b'0'),
('C20230918014', 'NV014', b'1', '2023-09-18', b'0'),
('C20230918015', 'NV015', b'1', '2023-09-18', b'0'),
('C20230918016', 'NV016', b'1', '2023-09-18', b'0'),
('C20230918017', 'NV017', b'1', '2023-09-18', b'0'),
('C20230918018', 'NV018', b'1', '2023-09-18', b'0'),
('C20230918019', 'NV019', b'1', '2023-09-18', b'0'),
('C20230918020', 'NV020', b'1', '2023-09-18', b'0'),
('C20230918021', 'NV021', b'1', '2023-09-18', b'0'),
('C20230918022', 'NV022', b'1', '2023-09-18', b'0'),
('C20230918023', 'NV023', b'1', '2023-09-18', b'0'),
('C20230918024', 'NV024', b'1', '2023-09-18', b'0'),
('C20230918025', 'NV025', b'1', '2023-09-18', b'0'),
('C20230918026', 'NV026', b'1', '2023-09-18', b'0'),
('C20230918027', 'NV027', b'1', '2023-09-18', b'0'),
('C20230918028', 'NV028', b'1', '2023-09-18', b'0'),
('C20230918029', 'NV029', b'1', '2023-09-18', b'0'),
('C20230918030', 'NV030', b'1', '2023-09-18', b'0'),
('C20230918031', 'NV031', b'1', '2023-09-18', b'0'),
('C20230918032', 'NV032', b'1', '2023-09-18', b'0'),
('C20230918033', 'NV033', b'1', '2023-09-18', b'0'),
('C20230918034', 'NV034', b'1', '2023-09-18', b'0'),
('C20230918035', 'NV035', b'1', '2023-09-18', b'0'),
('C20230918036', 'NV036', b'1', '2023-09-18', b'0'),
('C20230918037', 'NV037', b'1', '2023-09-18', b'0'),
('C20230919001', 'NV001', b'1', '2023-09-19', b'0'),
('C20230919002', 'NV002', b'1', '2023-09-19', b'0'),
('C20230919003', 'NV003', b'1', '2023-09-19', b'0'),
('C20230919004', 'NV004', b'1', '2023-09-19', b'0'),
('C20230919005', 'NV005', b'1', '2023-09-19', b'0'),
('C20230919006', 'NV006', b'1', '2023-09-19', b'0'),
('C20230919007', 'NV007', b'1', '2023-09-19', b'0'),
('C20230919008', 'NV008', b'1', '2023-09-19', b'0'),
('C20230919009', 'NV009', b'1', '2023-09-19', b'0'),
('C20230919010', 'NV010', b'1', '2023-09-19', b'0'),
('C20230919011', 'NV011', b'1', '2023-09-19', b'0'),
('C20230919012', 'NV012', b'1', '2023-09-19', b'0'),
('C20230919013', 'NV013', b'1', '2023-09-19', b'0'),
('C20230919014', 'NV014', b'1', '2023-09-19', b'0'),
('C20230919015', 'NV015', b'1', '2023-09-19', b'0'),
('C20230919016', 'NV016', b'1', '2023-09-19', b'0'),
('C20230919017', 'NV017', b'1', '2023-09-19', b'0'),
('C20230919018', 'NV018', b'1', '2023-09-19', b'0'),
('C20230919019', 'NV019', b'1', '2023-09-19', b'0'),
('C20230919020', 'NV020', b'1', '2023-09-19', b'0'),
('C20230919021', 'NV021', b'1', '2023-09-19', b'0'),
('C20230919022', 'NV022', b'1', '2023-09-19', b'0'),
('C20230919023', 'NV023', b'1', '2023-09-19', b'0'),
('C20230919024', 'NV024', b'1', '2023-09-19', b'0'),
('C20230919025', 'NV025', b'1', '2023-09-19', b'0'),
('C20230919026', 'NV026', b'1', '2023-09-19', b'0'),
('C20230919027', 'NV027', b'1', '2023-09-19', b'0'),
('C20230919028', 'NV028', b'1', '2023-09-19', b'0'),
('C20230919029', 'NV029', b'1', '2023-09-19', b'0'),
('C20230919030', 'NV030', b'1', '2023-09-19', b'0'),
('C20230919031', 'NV031', b'1', '2023-09-19', b'0'),
('C20230919032', 'NV032', b'1', '2023-09-19', b'0'),
('C20230919033', 'NV033', b'1', '2023-09-19', b'0'),
('C20230919034', 'NV034', b'1', '2023-09-19', b'0'),
('C20230919035', 'NV035', b'1', '2023-09-19', b'0'),
('C20230919036', 'NV036', b'1', '2023-09-19', b'0'),
('C20230919037', 'NV037', b'1', '2023-09-19', b'0'),
('C20230920001', 'NV001', b'1', '2023-09-20', b'0'),
('C20230920002', 'NV002', b'1', '2023-09-20', b'0'),
('C20230920003', 'NV003', b'1', '2023-09-20', b'0'),
('C20230920004', 'NV004', b'0', '2023-09-20', b'0'),
('C20230920005', 'NV005', b'1', '2023-09-20', b'0'),
('C20230920006', 'NV006', b'1', '2023-09-20', b'0'),
('C20230920007', 'NV007', b'1', '2023-09-20', b'0'),
('C20230920008', 'NV008', b'1', '2023-09-20', b'0'),
('C20230920009', 'NV009', b'1', '2023-09-20', b'0'),
('C20230920010', 'NV010', b'1', '2023-09-20', b'0'),
('C20230920011', 'NV011', b'1', '2023-09-20', b'0'),
('C20230920012', 'NV012', b'1', '2023-09-20', b'0'),
('C20230920013', 'NV013', b'1', '2023-09-20', b'0'),
('C20230920014', 'NV014', b'1', '2023-09-20', b'0'),
('C20230920015', 'NV015', b'1', '2023-09-20', b'0'),
('C20230920016', 'NV016', b'1', '2023-09-20', b'0'),
('C20230920017', 'NV017', b'1', '2023-09-20', b'0'),
('C20230920018', 'NV018', b'1', '2023-09-20', b'0'),
('C20230920019', 'NV019', b'1', '2023-09-20', b'0'),
('C20230920020', 'NV020', b'1', '2023-09-20', b'0'),
('C20230920021', 'NV021', b'1', '2023-09-20', b'0'),
('C20230920022', 'NV022', b'1', '2023-09-20', b'0'),
('C20230920023', 'NV023', b'1', '2023-09-20', b'0'),
('C20230920024', 'NV024', b'1', '2023-09-20', b'0'),
('C20230920025', 'NV025', b'1', '2023-09-20', b'0'),
('C20230920026', 'NV026', b'1', '2023-09-20', b'0'),
('C20230920027', 'NV027', b'1', '2023-09-20', b'0'),
('C20230920028', 'NV028', b'1', '2023-09-20', b'0'),
('C20230920029', 'NV029', b'1', '2023-09-20', b'0'),
('C20230920030', 'NV030', b'1', '2023-09-20', b'0'),
('C20230920031', 'NV031', b'1', '2023-09-20', b'0'),
('C20230920032', 'NV032', b'1', '2023-09-20', b'0'),
('C20230920033', 'NV033', b'1', '2023-09-20', b'0'),
('C20230920034', 'NV034', b'1', '2023-09-20', b'0'),
('C20230920035', 'NV035', b'1', '2023-09-20', b'0'),
('C20230920036', 'NV036', b'1', '2023-09-20', b'0'),
('C20230920037', 'NV037', b'1', '2023-09-20', b'0'),
('C20230921001', 'NV001', b'1', '2023-09-21', b'0'),
('C20230921002', 'NV002', b'1', '2023-09-21', b'0'),
('C20230921003', 'NV003', b'1', '2023-09-21', b'0'),
('C20230921004', 'NV004', b'1', '2023-09-21', b'0'),
('C20230921005', 'NV005', b'1', '2023-09-21', b'0'),
('C20230921006', 'NV006', b'1', '2023-09-21', b'0'),
('C20230921007', 'NV007', b'1', '2023-09-21', b'0'),
('C20230921008', 'NV008', b'1', '2023-09-21', b'0'),
('C20230921009', 'NV009', b'1', '2023-09-21', b'0'),
('C20230921010', 'NV010', b'1', '2023-09-21', b'0'),
('C20230921011', 'NV011', b'1', '2023-09-21', b'0'),
('C20230921012', 'NV012', b'1', '2023-09-21', b'0'),
('C20230921013', 'NV013', b'1', '2023-09-21', b'0'),
('C20230921014', 'NV014', b'1', '2023-09-21', b'0'),
('C20230921015', 'NV015', b'1', '2023-09-21', b'0'),
('C20230921016', 'NV016', b'1', '2023-09-21', b'0'),
('C20230921017', 'NV017', b'1', '2023-09-21', b'0'),
('C20230921018', 'NV018', b'1', '2023-09-21', b'0'),
('C20230921019', 'NV019', b'1', '2023-09-21', b'0'),
('C20230921020', 'NV020', b'1', '2023-09-21', b'0'),
('C20230921021', 'NV021', b'1', '2023-09-21', b'0'),
('C20230921022', 'NV022', b'1', '2023-09-21', b'0'),
('C20230921023', 'NV023', b'1', '2023-09-21', b'0'),
('C20230921024', 'NV024', b'1', '2023-09-21', b'0'),
('C20230921025', 'NV025', b'1', '2023-09-21', b'0'),
('C20230921026', 'NV026', b'1', '2023-09-21', b'0'),
('C20230921027', 'NV027', b'1', '2023-09-21', b'0'),
('C20230921028', 'NV028', b'1', '2023-09-21', b'0'),
('C20230921029', 'NV029', b'1', '2023-09-21', b'0'),
('C20230921030', 'NV030', b'1', '2023-09-21', b'0'),
('C20230921031', 'NV031', b'1', '2023-09-21', b'0'),
('C20230921032', 'NV032', b'1', '2023-09-21', b'0'),
('C20230921033', 'NV033', b'1', '2023-09-21', b'0'),
('C20230921034', 'NV034', b'1', '2023-09-21', b'0'),
('C20230921035', 'NV035', b'1', '2023-09-21', b'0'),
('C20230921036', 'NV036', b'1', '2023-09-21', b'0'),
('C20230921037', 'NV037', b'1', '2023-09-21', b'0'),
('C20230922001', 'NV001', b'1', '2023-09-22', b'0'),
('C20230922002', 'NV002', b'1', '2023-09-22', b'0'),
('C20230922003', 'NV003', b'1', '2023-09-22', b'0'),
('C20230922004', 'NV004', b'1', '2023-09-22', b'0'),
('C20230922005', 'NV005', b'1', '2023-09-22', b'0'),
('C20230922006', 'NV006', b'1', '2023-09-22', b'0'),
('C20230922007', 'NV007', b'1', '2023-09-22', b'0'),
('C20230922008', 'NV008', b'1', '2023-09-22', b'0'),
('C20230922009', 'NV009', b'1', '2023-09-22', b'0'),
('C20230922010', 'NV010', b'1', '2023-09-22', b'0'),
('C20230922011', 'NV011', b'1', '2023-09-22', b'0'),
('C20230922012', 'NV012', b'1', '2023-09-22', b'0'),
('C20230922013', 'NV013', b'1', '2023-09-22', b'0'),
('C20230922014', 'NV014', b'1', '2023-09-22', b'0'),
('C20230922015', 'NV015', b'1', '2023-09-22', b'0'),
('C20230922016', 'NV016', b'1', '2023-09-22', b'0'),
('C20230922017', 'NV017', b'1', '2023-09-22', b'0'),
('C20230922018', 'NV018', b'1', '2023-09-22', b'0'),
('C20230922019', 'NV019', b'1', '2023-09-22', b'0'),
('C20230922020', 'NV020', b'1', '2023-09-22', b'0'),
('C20230922021', 'NV021', b'1', '2023-09-22', b'0'),
('C20230922022', 'NV022', b'1', '2023-09-22', b'0'),
('C20230922023', 'NV023', b'1', '2023-09-22', b'0'),
('C20230922024', 'NV024', b'1', '2023-09-22', b'0'),
('C20230922025', 'NV025', b'1', '2023-09-22', b'0'),
('C20230922026', 'NV026', b'1', '2023-09-22', b'0'),
('C20230922027', 'NV027', b'1', '2023-09-22', b'0'),
('C20230922028', 'NV028', b'1', '2023-09-22', b'0'),
('C20230922029', 'NV029', b'1', '2023-09-22', b'0'),
('C20230922030', 'NV030', b'1', '2023-09-22', b'0'),
('C20230922031', 'NV031', b'1', '2023-09-22', b'0'),
('C20230922032', 'NV032', b'1', '2023-09-22', b'0');
INSERT INTO `cham_cong` (`MaCong`, `MaNV`, `TinhTrang`, `Ngay`, `NghiHL`) VALUES
('C20230922033', 'NV033', b'1', '2023-09-22', b'0'),
('C20230922034', 'NV034', b'1', '2023-09-22', b'0'),
('C20230922035', 'NV035', b'1', '2023-09-22', b'0'),
('C20230922036', 'NV036', b'1', '2023-09-22', b'0'),
('C20230922037', 'NV037', b'1', '2023-09-22', b'0'),
('C20230923001', 'NV001', b'1', '2023-09-23', b'0'),
('C20230923002', 'NV002', b'1', '2023-09-23', b'0'),
('C20230923003', 'NV003', b'1', '2023-09-23', b'0'),
('C20230923004', 'NV004', b'1', '2023-09-23', b'0'),
('C20230923005', 'NV005', b'1', '2023-09-23', b'0'),
('C20230923006', 'NV006', b'1', '2023-09-23', b'0'),
('C20230923007', 'NV007', b'1', '2023-09-23', b'0'),
('C20230923008', 'NV008', b'1', '2023-09-23', b'0'),
('C20230923009', 'NV009', b'1', '2023-09-23', b'0'),
('C20230923010', 'NV010', b'1', '2023-09-23', b'0'),
('C20230923011', 'NV011', b'1', '2023-09-23', b'0'),
('C20230923012', 'NV012', b'1', '2023-09-23', b'0'),
('C20230923013', 'NV013', b'1', '2023-09-23', b'0'),
('C20230923014', 'NV014', b'1', '2023-09-23', b'0'),
('C20230923015', 'NV015', b'1', '2023-09-23', b'0'),
('C20230923016', 'NV016', b'1', '2023-09-23', b'0'),
('C20230923017', 'NV017', b'1', '2023-09-23', b'0'),
('C20230923018', 'NV018', b'1', '2023-09-23', b'0'),
('C20230923019', 'NV019', b'1', '2023-09-23', b'0'),
('C20230923020', 'NV020', b'1', '2023-09-23', b'0'),
('C20230923021', 'NV021', b'1', '2023-09-23', b'0'),
('C20230923022', 'NV022', b'1', '2023-09-23', b'0'),
('C20230923023', 'NV023', b'1', '2023-09-23', b'0'),
('C20230923024', 'NV024', b'1', '2023-09-23', b'0'),
('C20230923025', 'NV025', b'1', '2023-09-23', b'0'),
('C20230923026', 'NV026', b'1', '2023-09-23', b'0'),
('C20230923027', 'NV027', b'1', '2023-09-23', b'0'),
('C20230923028', 'NV028', b'1', '2023-09-23', b'0'),
('C20230923029', 'NV029', b'1', '2023-09-23', b'0'),
('C20230923030', 'NV030', b'1', '2023-09-23', b'0'),
('C20230923031', 'NV031', b'1', '2023-09-23', b'0'),
('C20230923032', 'NV032', b'1', '2023-09-23', b'0'),
('C20230923033', 'NV033', b'1', '2023-09-23', b'0'),
('C20230923034', 'NV034', b'1', '2023-09-23', b'0'),
('C20230923035', 'NV035', b'1', '2023-09-23', b'0'),
('C20230923036', 'NV036', b'1', '2023-09-23', b'0'),
('C20230923037', 'NV037', b'1', '2023-09-23', b'0'),
('C20230924001', 'NV001', b'1', '2023-09-24', b'0'),
('C20230924002', 'NV002', b'0', '2023-09-24', b'0'),
('C20230924003', 'NV003', b'0', '2023-09-24', b'0'),
('C20230924004', 'NV004', b'0', '2023-09-24', b'0'),
('C20230924005', 'NV005', b'0', '2023-09-24', b'0'),
('C20230924006', 'NV006', b'0', '2023-09-24', b'0'),
('C20230924007', 'NV007', b'0', '2023-09-24', b'0'),
('C20230924008', 'NV008', b'0', '2023-09-24', b'0'),
('C20230924009', 'NV009', b'0', '2023-09-24', b'0'),
('C20230924010', 'NV010', b'0', '2023-09-24', b'0'),
('C20230924011', 'NV011', b'0', '2023-09-24', b'0'),
('C20230924012', 'NV012', b'0', '2023-09-24', b'0'),
('C20230924013', 'NV013', b'0', '2023-09-24', b'0'),
('C20230924014', 'NV014', b'0', '2023-09-24', b'0'),
('C20230924015', 'NV015', b'0', '2023-09-24', b'0'),
('C20230924016', 'NV016', b'0', '2023-09-24', b'0'),
('C20230924017', 'NV017', b'0', '2023-09-24', b'0'),
('C20230924018', 'NV018', b'0', '2023-09-24', b'0'),
('C20230924019', 'NV019', b'0', '2023-09-24', b'0'),
('C20230924020', 'NV020', b'0', '2023-09-24', b'0'),
('C20230924021', 'NV021', b'0', '2023-09-24', b'0'),
('C20230924022', 'NV022', b'0', '2023-09-24', b'0'),
('C20230924023', 'NV023', b'0', '2023-09-24', b'0'),
('C20230924024', 'NV024', b'0', '2023-09-24', b'0'),
('C20230924025', 'NV025', b'0', '2023-09-24', b'0'),
('C20230924026', 'NV026', b'0', '2023-09-24', b'0'),
('C20230924027', 'NV027', b'0', '2023-09-24', b'0'),
('C20230924028', 'NV028', b'0', '2023-09-24', b'0'),
('C20230924029', 'NV029', b'0', '2023-09-24', b'0'),
('C20230924030', 'NV030', b'0', '2023-09-24', b'0'),
('C20230924031', 'NV031', b'0', '2023-09-24', b'0'),
('C20230924032', 'NV032', b'0', '2023-09-24', b'0'),
('C20230924033', 'NV033', b'0', '2023-09-24', b'0'),
('C20230924034', 'NV034', b'0', '2023-09-24', b'0'),
('C20230924035', 'NV035', b'0', '2023-09-24', b'0'),
('C20230924036', 'NV036', b'0', '2023-09-24', b'0'),
('C20230924037', 'NV037', b'0', '2023-09-24', b'0'),
('C20230925001', 'NV001', b'1', '2023-09-25', b'0'),
('C20230925002', 'NV002', b'1', '2023-09-25', b'0'),
('C20230925003', 'NV003', b'1', '2023-09-25', b'0'),
('C20230925004', 'NV004', b'0', '2023-09-25', b'0'),
('C20230925005', 'NV005', b'1', '2023-09-25', b'0'),
('C20230925006', 'NV006', b'1', '2023-09-25', b'0'),
('C20230925007', 'NV007', b'1', '2023-09-25', b'0'),
('C20230925008', 'NV008', b'1', '2023-09-25', b'0'),
('C20230925009', 'NV009', b'1', '2023-09-25', b'0'),
('C20230925010', 'NV010', b'1', '2023-09-25', b'0'),
('C20230925011', 'NV011', b'1', '2023-09-25', b'0'),
('C20230925012', 'NV012', b'1', '2023-09-25', b'0'),
('C20230925013', 'NV013', b'1', '2023-09-25', b'0'),
('C20230925014', 'NV014', b'1', '2023-09-25', b'0'),
('C20230925015', 'NV015', b'1', '2023-09-25', b'0'),
('C20230925016', 'NV016', b'1', '2023-09-25', b'0'),
('C20230925017', 'NV017', b'1', '2023-09-25', b'0'),
('C20230925018', 'NV018', b'1', '2023-09-25', b'0'),
('C20230925019', 'NV019', b'1', '2023-09-25', b'0'),
('C20230925020', 'NV020', b'1', '2023-09-25', b'0'),
('C20230925021', 'NV021', b'1', '2023-09-25', b'0'),
('C20230925022', 'NV022', b'1', '2023-09-25', b'0'),
('C20230925023', 'NV023', b'1', '2023-09-25', b'0'),
('C20230925024', 'NV024', b'1', '2023-09-25', b'0'),
('C20230925025', 'NV025', b'1', '2023-09-25', b'0'),
('C20230925026', 'NV026', b'1', '2023-09-25', b'0'),
('C20230925027', 'NV027', b'1', '2023-09-25', b'0'),
('C20230925028', 'NV028', b'1', '2023-09-25', b'0'),
('C20230925029', 'NV029', b'1', '2023-09-25', b'0'),
('C20230925030', 'NV030', b'1', '2023-09-25', b'0'),
('C20230925031', 'NV031', b'1', '2023-09-25', b'0'),
('C20230925032', 'NV032', b'1', '2023-09-25', b'0'),
('C20230925033', 'NV033', b'1', '2023-09-25', b'0'),
('C20230925034', 'NV034', b'1', '2023-09-25', b'0'),
('C20230925035', 'NV035', b'1', '2023-09-25', b'0'),
('C20230925036', 'NV036', b'1', '2023-09-25', b'0'),
('C20230925037', 'NV037', b'1', '2023-09-25', b'0'),
('C20230926001', 'NV001', b'1', '2023-09-26', b'0'),
('C20230926002', 'NV002', b'1', '2023-09-26', b'0'),
('C20230926003', 'NV003', b'1', '2023-09-26', b'0'),
('C20230926004', 'NV004', b'1', '2023-09-26', b'0'),
('C20230926005', 'NV005', b'1', '2023-09-26', b'0'),
('C20230926006', 'NV006', b'1', '2023-09-26', b'0'),
('C20230926007', 'NV007', b'1', '2023-09-26', b'0'),
('C20230926008', 'NV008', b'1', '2023-09-26', b'0'),
('C20230926009', 'NV009', b'1', '2023-09-26', b'0'),
('C20230926010', 'NV010', b'1', '2023-09-26', b'0'),
('C20230926011', 'NV011', b'1', '2023-09-26', b'0'),
('C20230926012', 'NV012', b'1', '2023-09-26', b'0'),
('C20230926013', 'NV013', b'1', '2023-09-26', b'0'),
('C20230926014', 'NV014', b'1', '2023-09-26', b'0'),
('C20230926015', 'NV015', b'1', '2023-09-26', b'0'),
('C20230926016', 'NV016', b'1', '2023-09-26', b'0'),
('C20230926017', 'NV017', b'1', '2023-09-26', b'0'),
('C20230926018', 'NV018', b'1', '2023-09-26', b'0'),
('C20230926019', 'NV019', b'1', '2023-09-26', b'0'),
('C20230926020', 'NV020', b'1', '2023-09-26', b'0'),
('C20230926021', 'NV021', b'1', '2023-09-26', b'0'),
('C20230926022', 'NV022', b'1', '2023-09-26', b'0'),
('C20230926023', 'NV023', b'1', '2023-09-26', b'0'),
('C20230926024', 'NV024', b'1', '2023-09-26', b'0'),
('C20230926025', 'NV025', b'1', '2023-09-26', b'0'),
('C20230926026', 'NV026', b'1', '2023-09-26', b'0'),
('C20230926027', 'NV027', b'1', '2023-09-26', b'0'),
('C20230926028', 'NV028', b'1', '2023-09-26', b'0'),
('C20230926029', 'NV029', b'1', '2023-09-26', b'0'),
('C20230926030', 'NV030', b'1', '2023-09-26', b'0'),
('C20230926031', 'NV031', b'1', '2023-09-26', b'0'),
('C20230926032', 'NV032', b'1', '2023-09-26', b'0'),
('C20230926033', 'NV033', b'1', '2023-09-26', b'0'),
('C20230926034', 'NV034', b'1', '2023-09-26', b'0'),
('C20230926035', 'NV035', b'1', '2023-09-26', b'0'),
('C20230926036', 'NV036', b'1', '2023-09-26', b'0'),
('C20230926037', 'NV037', b'1', '2023-09-26', b'0'),
('C20230927001', 'NV001', b'1', '2023-09-27', b'0'),
('C20230927002', 'NV002', b'1', '2023-09-27', b'0'),
('C20230927003', 'NV003', b'1', '2023-09-27', b'0'),
('C20230927004', 'NV004', b'1', '2023-09-27', b'0'),
('C20230927005', 'NV005', b'1', '2023-09-27', b'0'),
('C20230927006', 'NV006', b'1', '2023-09-27', b'0'),
('C20230927007', 'NV007', b'1', '2023-09-27', b'0'),
('C20230927008', 'NV008', b'1', '2023-09-27', b'0'),
('C20230927009', 'NV009', b'1', '2023-09-27', b'0'),
('C20230927010', 'NV010', b'1', '2023-09-27', b'0'),
('C20230927011', 'NV011', b'1', '2023-09-27', b'0'),
('C20230927012', 'NV012', b'1', '2023-09-27', b'0'),
('C20230927013', 'NV013', b'1', '2023-09-27', b'0'),
('C20230927014', 'NV014', b'1', '2023-09-27', b'0'),
('C20230927015', 'NV015', b'1', '2023-09-27', b'0'),
('C20230927016', 'NV016', b'1', '2023-09-27', b'0'),
('C20230927017', 'NV017', b'1', '2023-09-27', b'0'),
('C20230927018', 'NV018', b'1', '2023-09-27', b'0'),
('C20230927019', 'NV019', b'1', '2023-09-27', b'0'),
('C20230927020', 'NV020', b'1', '2023-09-27', b'0'),
('C20230927021', 'NV021', b'1', '2023-09-27', b'0'),
('C20230927022', 'NV022', b'1', '2023-09-27', b'0'),
('C20230927023', 'NV023', b'1', '2023-09-27', b'0'),
('C20230927024', 'NV024', b'1', '2023-09-27', b'0'),
('C20230927025', 'NV025', b'1', '2023-09-27', b'0'),
('C20230927026', 'NV026', b'1', '2023-09-27', b'0'),
('C20230927027', 'NV027', b'1', '2023-09-27', b'0'),
('C20230927028', 'NV028', b'1', '2023-09-27', b'0'),
('C20230927029', 'NV029', b'1', '2023-09-27', b'0'),
('C20230927030', 'NV030', b'1', '2023-09-27', b'0'),
('C20230927031', 'NV031', b'1', '2023-09-27', b'0'),
('C20230927032', 'NV032', b'1', '2023-09-27', b'0'),
('C20230927033', 'NV033', b'1', '2023-09-27', b'0'),
('C20230927034', 'NV034', b'1', '2023-09-27', b'0'),
('C20230927035', 'NV035', b'1', '2023-09-27', b'0'),
('C20230927036', 'NV036', b'1', '2023-09-27', b'0'),
('C20230927037', 'NV037', b'1', '2023-09-27', b'0'),
('C20230928001', 'NV001', b'1', '2023-09-28', b'0'),
('C20230928002', 'NV002', b'1', '2023-09-28', b'0'),
('C20230928003', 'NV003', b'1', '2023-09-28', b'0'),
('C20230928004', 'NV004', b'1', '2023-09-28', b'0'),
('C20230928005', 'NV005', b'1', '2023-09-28', b'0'),
('C20230928006', 'NV006', b'1', '2023-09-28', b'0'),
('C20230928007', 'NV007', b'1', '2023-09-28', b'0'),
('C20230928008', 'NV008', b'1', '2023-09-28', b'0'),
('C20230928009', 'NV009', b'1', '2023-09-28', b'0'),
('C20230928010', 'NV010', b'1', '2023-09-28', b'0'),
('C20230928011', 'NV011', b'1', '2023-09-28', b'0'),
('C20230928012', 'NV012', b'1', '2023-09-28', b'0'),
('C20230928013', 'NV013', b'1', '2023-09-28', b'0'),
('C20230928014', 'NV014', b'1', '2023-09-28', b'0'),
('C20230928015', 'NV015', b'1', '2023-09-28', b'0'),
('C20230928016', 'NV016', b'1', '2023-09-28', b'0'),
('C20230928017', 'NV017', b'1', '2023-09-28', b'0'),
('C20230928018', 'NV018', b'1', '2023-09-28', b'0'),
('C20230928019', 'NV019', b'1', '2023-09-28', b'0'),
('C20230928020', 'NV020', b'1', '2023-09-28', b'0'),
('C20230928021', 'NV021', b'1', '2023-09-28', b'0'),
('C20230928022', 'NV022', b'1', '2023-09-28', b'0'),
('C20230928023', 'NV023', b'1', '2023-09-28', b'0'),
('C20230928024', 'NV024', b'1', '2023-09-28', b'0'),
('C20230928025', 'NV025', b'1', '2023-09-28', b'0'),
('C20230928026', 'NV026', b'1', '2023-09-28', b'0'),
('C20230928027', 'NV027', b'1', '2023-09-28', b'0'),
('C20230928028', 'NV028', b'1', '2023-09-28', b'0'),
('C20230928029', 'NV029', b'1', '2023-09-28', b'0'),
('C20230928030', 'NV030', b'1', '2023-09-28', b'0'),
('C20230928031', 'NV031', b'1', '2023-09-28', b'0'),
('C20230928032', 'NV032', b'1', '2023-09-28', b'0'),
('C20230928033', 'NV033', b'1', '2023-09-28', b'0'),
('C20230928034', 'NV034', b'1', '2023-09-28', b'0'),
('C20230928035', 'NV035', b'1', '2023-09-28', b'0'),
('C20230928036', 'NV036', b'1', '2023-09-28', b'0'),
('C20230928037', 'NV037', b'1', '2023-09-28', b'0'),
('C20230929001', 'NV001', b'1', '2023-09-29', b'0'),
('C20230929002', 'NV002', b'1', '2023-09-29', b'0'),
('C20230929003', 'NV003', b'1', '2023-09-29', b'0'),
('C20230929004', 'NV004', b'1', '2023-09-29', b'0'),
('C20230929005', 'NV005', b'1', '2023-09-29', b'0'),
('C20230929006', 'NV006', b'1', '2023-09-29', b'0'),
('C20230929007', 'NV007', b'1', '2023-09-29', b'0'),
('C20230929008', 'NV008', b'1', '2023-09-29', b'0'),
('C20230929009', 'NV009', b'1', '2023-09-29', b'0'),
('C20230929010', 'NV010', b'1', '2023-09-29', b'0'),
('C20230929011', 'NV011', b'1', '2023-09-29', b'0'),
('C20230929012', 'NV012', b'1', '2023-09-29', b'0'),
('C20230929013', 'NV013', b'1', '2023-09-29', b'0'),
('C20230929014', 'NV014', b'1', '2023-09-29', b'0'),
('C20230929015', 'NV015', b'1', '2023-09-29', b'0'),
('C20230929016', 'NV016', b'1', '2023-09-29', b'0'),
('C20230929017', 'NV017', b'1', '2023-09-29', b'0'),
('C20230929018', 'NV018', b'1', '2023-09-29', b'0'),
('C20230929019', 'NV019', b'1', '2023-09-29', b'0'),
('C20230929020', 'NV020', b'1', '2023-09-29', b'0'),
('C20230929021', 'NV021', b'1', '2023-09-29', b'0'),
('C20230929022', 'NV022', b'1', '2023-09-29', b'0'),
('C20230929023', 'NV023', b'1', '2023-09-29', b'0'),
('C20230929024', 'NV024', b'1', '2023-09-29', b'0'),
('C20230929025', 'NV025', b'1', '2023-09-29', b'0'),
('C20230929026', 'NV026', b'1', '2023-09-29', b'0'),
('C20230929027', 'NV027', b'1', '2023-09-29', b'0'),
('C20230929028', 'NV028', b'1', '2023-09-29', b'0'),
('C20230929029', 'NV029', b'1', '2023-09-29', b'0'),
('C20230929030', 'NV030', b'1', '2023-09-29', b'0'),
('C20230929031', 'NV031', b'1', '2023-09-29', b'0'),
('C20230929032', 'NV032', b'1', '2023-09-29', b'0'),
('C20230929033', 'NV033', b'1', '2023-09-29', b'0'),
('C20230929034', 'NV034', b'1', '2023-09-29', b'0'),
('C20230929035', 'NV035', b'1', '2023-09-29', b'0'),
('C20230929036', 'NV036', b'1', '2023-09-29', b'0'),
('C20230929037', 'NV037', b'1', '2023-09-29', b'0'),
('C20230930001', 'NV001', b'1', '2023-09-30', b'0'),
('C20230930002', 'NV002', b'1', '2023-09-30', b'0'),
('C20230930003', 'NV003', b'1', '2023-09-30', b'0'),
('C20230930004', 'NV004', b'1', '2023-09-30', b'0'),
('C20230930005', 'NV005', b'1', '2023-09-30', b'0'),
('C20230930006', 'NV006', b'1', '2023-09-30', b'0'),
('C20230930007', 'NV007', b'1', '2023-09-30', b'0'),
('C20230930008', 'NV008', b'1', '2023-09-30', b'0'),
('C20230930009', 'NV009', b'1', '2023-09-30', b'0'),
('C20230930010', 'NV010', b'1', '2023-09-30', b'0'),
('C20230930011', 'NV011', b'1', '2023-09-30', b'0'),
('C20230930012', 'NV012', b'1', '2023-09-30', b'0'),
('C20230930013', 'NV013', b'1', '2023-09-30', b'0'),
('C20230930014', 'NV014', b'1', '2023-09-30', b'0'),
('C20230930015', 'NV015', b'1', '2023-09-30', b'0'),
('C20230930016', 'NV016', b'1', '2023-09-30', b'0'),
('C20230930017', 'NV017', b'1', '2023-09-30', b'0'),
('C20230930018', 'NV018', b'1', '2023-09-30', b'0'),
('C20230930019', 'NV019', b'1', '2023-09-30', b'0'),
('C20230930020', 'NV020', b'1', '2023-09-30', b'0'),
('C20230930021', 'NV021', b'1', '2023-09-30', b'0'),
('C20230930022', 'NV022', b'1', '2023-09-30', b'0'),
('C20230930023', 'NV023', b'1', '2023-09-30', b'0'),
('C20230930024', 'NV024', b'1', '2023-09-30', b'0'),
('C20230930025', 'NV025', b'1', '2023-09-30', b'0'),
('C20230930026', 'NV026', b'1', '2023-09-30', b'0'),
('C20230930027', 'NV027', b'1', '2023-09-30', b'0'),
('C20230930028', 'NV028', b'1', '2023-09-30', b'0'),
('C20230930029', 'NV029', b'1', '2023-09-30', b'0'),
('C20230930030', 'NV030', b'1', '2023-09-30', b'0'),
('C20230930031', 'NV031', b'1', '2023-09-30', b'0'),
('C20230930032', 'NV032', b'1', '2023-09-30', b'0'),
('C20230930033', 'NV033', b'1', '2023-09-30', b'0'),
('C20230930034', 'NV034', b'1', '2023-09-30', b'0'),
('C20230930035', 'NV035', b'1', '2023-09-30', b'0'),
('C20230930036', 'NV036', b'1', '2023-09-30', b'0'),
('C20230930037', 'NV037', b'1', '2023-09-30', b'0'),
('C20231001001', 'NV001', b'0', '2023-10-01', b'0'),
('C20231001002', 'NV002', b'0', '2023-10-01', b'0'),
('C20231001003', 'NV003', b'1', '2023-10-01', b'0'),
('C20231001004', 'NV004', b'0', '2023-10-01', b'0'),
('C20231001005', 'NV005', b'0', '2023-10-01', b'0'),
('C20231001006', 'NV006', b'0', '2023-10-01', b'0'),
('C20231001007', 'NV007', b'0', '2023-10-01', b'0'),
('C20231001008', 'NV008', b'0', '2023-10-01', b'0'),
('C20231001009', 'NV009', b'0', '2023-10-01', b'0'),
('C20231001010', 'NV010', b'0', '2023-10-01', b'0'),
('C20231001011', 'NV011', b'0', '2023-10-01', b'0'),
('C20231001012', 'NV012', b'1', '2023-10-01', b'0'),
('C20231001013', 'NV013', b'0', '2023-10-01', b'0'),
('C20231001014', 'NV014', b'0', '2023-10-01', b'0'),
('C20231001015', 'NV015', b'1', '2023-10-01', b'0'),
('C20231001016', 'NV016', b'0', '2023-10-01', b'0'),
('C20231001017', 'NV017', b'0', '2023-10-01', b'0'),
('C20231001018', 'NV018', b'0', '2023-10-01', b'0'),
('C20231001019', 'NV019', b'0', '2023-10-01', b'0'),
('C20231001020', 'NV020', b'1', '2023-10-01', b'0'),
('C20231001021', 'NV021', b'0', '2023-10-01', b'0'),
('C20231001022', 'NV022', b'0', '2023-10-01', b'0'),
('C20231001023', 'NV023', b'0', '2023-10-01', b'0'),
('C20231001024', 'NV024', b'1', '2023-10-01', b'0'),
('C20231001025', 'NV025', b'0', '2023-10-01', b'0'),
('C20231001026', 'NV026', b'0', '2023-10-01', b'0'),
('C20231001027', 'NV027', b'0', '2023-10-01', b'0'),
('C20231001028', 'NV028', b'0', '2023-10-01', b'0'),
('C20231001029', 'NV029', b'1', '2023-10-01', b'0'),
('C20231001030', 'NV030', b'0', '2023-10-01', b'0'),
('C20231001031', 'NV031', b'0', '2023-10-01', b'0'),
('C20231001032', 'NV032', b'1', '2023-10-01', b'0'),
('C20231001033', 'NV033', b'0', '2023-10-01', b'0'),
('C20231001034', 'NV034', b'0', '2023-10-01', b'0'),
('C20231001035', 'NV035', b'0', '2023-10-01', b'0'),
('C20231001036', 'NV036', b'0', '2023-10-01', b'0'),
('C20231001037', 'NV037', b'1', '2023-10-01', b'0'),
('C20231002001', 'NV001', b'1', '2023-10-02', b'0'),
('C20231002002', 'NV002', b'1', '2023-10-02', b'0'),
('C20231002003', 'NV003', b'1', '2023-10-02', b'0'),
('C20231002004', 'NV004', b'1', '2023-10-02', b'0'),
('C20231002005', 'NV005', b'1', '2023-10-02', b'0'),
('C20231002006', 'NV006', b'1', '2023-10-02', b'0'),
('C20231002007', 'NV007', b'1', '2023-10-02', b'0'),
('C20231002008', 'NV008', b'1', '2023-10-02', b'0'),
('C20231002009', 'NV009', b'1', '2023-10-02', b'0'),
('C20231002010', 'NV010', b'0', '2023-10-02', b'0'),
('C20231002011', 'NV011', b'1', '2023-10-02', b'0'),
('C20231002012', 'NV012', b'1', '2023-10-02', b'0'),
('C20231002013', 'NV013', b'1', '2023-10-02', b'0'),
('C20231002014', 'NV014', b'1', '2023-10-02', b'0'),
('C20231002015', 'NV015', b'1', '2023-10-02', b'0'),
('C20231002016', 'NV016', b'1', '2023-10-02', b'0'),
('C20231002017', 'NV017', b'1', '2023-10-02', b'0'),
('C20231002018', 'NV018', b'1', '2023-10-02', b'0'),
('C20231002019', 'NV019', b'1', '2023-10-02', b'0'),
('C20231002020', 'NV020', b'1', '2023-10-02', b'0'),
('C20231002021', 'NV021', b'1', '2023-10-02', b'0'),
('C20231002022', 'NV022', b'1', '2023-10-02', b'0'),
('C20231002023', 'NV023', b'1', '2023-10-02', b'0'),
('C20231002024', 'NV024', b'1', '2023-10-02', b'0'),
('C20231002025', 'NV025', b'1', '2023-10-02', b'0'),
('C20231002026', 'NV026', b'1', '2023-10-02', b'0'),
('C20231002027', 'NV027', b'1', '2023-10-02', b'0'),
('C20231002028', 'NV028', b'1', '2023-10-02', b'0'),
('C20231002029', 'NV029', b'1', '2023-10-02', b'0'),
('C20231002030', 'NV030', b'1', '2023-10-02', b'0'),
('C20231002031', 'NV031', b'1', '2023-10-02', b'0'),
('C20231002032', 'NV032', b'1', '2023-10-02', b'0'),
('C20231002033', 'NV033', b'1', '2023-10-02', b'0'),
('C20231002034', 'NV034', b'1', '2023-10-02', b'0'),
('C20231002035', 'NV035', b'1', '2023-10-02', b'0'),
('C20231002036', 'NV036', b'0', '2023-10-02', b'0'),
('C20231002037', 'NV037', b'1', '2023-10-02', b'0'),
('C20231003001', 'NV001', b'1', '2023-10-03', b'0'),
('C20231003002', 'NV002', b'1', '2023-10-03', b'0'),
('C20231003003', 'NV003', b'1', '2023-10-03', b'0'),
('C20231003004', 'NV004', b'1', '2023-10-03', b'0'),
('C20231003005', 'NV005', b'1', '2023-10-03', b'0'),
('C20231003006', 'NV006', b'1', '2023-10-03', b'0'),
('C20231003007', 'NV007', b'1', '2023-10-03', b'0'),
('C20231003008', 'NV008', b'1', '2023-10-03', b'0'),
('C20231003009', 'NV009', b'1', '2023-10-03', b'0'),
('C20231003010', 'NV010', b'1', '2023-10-03', b'0'),
('C20231003011', 'NV011', b'1', '2023-10-03', b'0'),
('C20231003012', 'NV012', b'1', '2023-10-03', b'0'),
('C20231003013', 'NV013', b'1', '2023-10-03', b'0'),
('C20231003014', 'NV014', b'1', '2023-10-03', b'0'),
('C20231003015', 'NV015', b'1', '2023-10-03', b'0'),
('C20231003016', 'NV016', b'1', '2023-10-03', b'0'),
('C20231003017', 'NV017', b'1', '2023-10-03', b'0'),
('C20231003018', 'NV018', b'1', '2023-10-03', b'0'),
('C20231003019', 'NV019', b'0', '2023-10-03', b'0'),
('C20231003020', 'NV020', b'1', '2023-10-03', b'0'),
('C20231003021', 'NV021', b'1', '2023-10-03', b'0'),
('C20231003022', 'NV022', b'1', '2023-10-03', b'0'),
('C20231003023', 'NV023', b'1', '2023-10-03', b'0'),
('C20231003024', 'NV024', b'1', '2023-10-03', b'0'),
('C20231003025', 'NV025', b'0', '2023-10-03', b'0'),
('C20231003026', 'NV026', b'1', '2023-10-03', b'0'),
('C20231003027', 'NV027', b'1', '2023-10-03', b'0'),
('C20231003028', 'NV028', b'1', '2023-10-03', b'0'),
('C20231003029', 'NV029', b'1', '2023-10-03', b'0'),
('C20231003030', 'NV030', b'1', '2023-10-03', b'0'),
('C20231003031', 'NV031', b'1', '2023-10-03', b'0'),
('C20231003032', 'NV032', b'1', '2023-10-03', b'0'),
('C20231003033', 'NV033', b'1', '2023-10-03', b'0'),
('C20231003034', 'NV034', b'1', '2023-10-03', b'0'),
('C20231003035', 'NV035', b'1', '2023-10-03', b'0'),
('C20231003036', 'NV036', b'1', '2023-10-03', b'0'),
('C20231003037', 'NV037', b'1', '2023-10-03', b'0'),
('C20231004001', 'NV001', b'1', '2023-10-04', b'0'),
('C20231004002', 'NV002', b'1', '2023-10-04', b'0'),
('C20231004003', 'NV003', b'1', '2023-10-04', b'0'),
('C20231004004', 'NV004', b'1', '2023-10-04', b'0'),
('C20231004005', 'NV005', b'1', '2023-10-04', b'0'),
('C20231004006', 'NV006', b'1', '2023-10-04', b'0'),
('C20231004007', 'NV007', b'1', '2023-10-04', b'0'),
('C20231004008', 'NV008', b'1', '2023-10-04', b'0'),
('C20231004009', 'NV009', b'1', '2023-10-04', b'0'),
('C20231004010', 'NV010', b'1', '2023-10-04', b'0'),
('C20231004011', 'NV011', b'1', '2023-10-04', b'0'),
('C20231004012', 'NV012', b'1', '2023-10-04', b'0'),
('C20231004013', 'NV013', b'1', '2023-10-04', b'0'),
('C20231004014', 'NV014', b'1', '2023-10-04', b'0'),
('C20231004015', 'NV015', b'1', '2023-10-04', b'0'),
('C20231004016', 'NV016', b'1', '2023-10-04', b'0'),
('C20231004017', 'NV017', b'1', '2023-10-04', b'0'),
('C20231004018', 'NV018', b'1', '2023-10-04', b'0'),
('C20231004019', 'NV019', b'1', '2023-10-04', b'0'),
('C20231004020', 'NV020', b'1', '2023-10-04', b'0'),
('C20231004021', 'NV021', b'1', '2023-10-04', b'0'),
('C20231004022', 'NV022', b'1', '2023-10-04', b'0'),
('C20231004023', 'NV023', b'1', '2023-10-04', b'0'),
('C20231004024', 'NV024', b'1', '2023-10-04', b'0'),
('C20231004025', 'NV025', b'1', '2023-10-04', b'0'),
('C20231004026', 'NV026', b'1', '2023-10-04', b'0'),
('C20231004027', 'NV027', b'1', '2023-10-04', b'0'),
('C20231004028', 'NV028', b'1', '2023-10-04', b'0'),
('C20231004029', 'NV029', b'1', '2023-10-04', b'0'),
('C20231004030', 'NV030', b'1', '2023-10-04', b'0'),
('C20231004031', 'NV031', b'1', '2023-10-04', b'0'),
('C20231004032', 'NV032', b'1', '2023-10-04', b'0'),
('C20231004033', 'NV033', b'1', '2023-10-04', b'0'),
('C20231004034', 'NV034', b'1', '2023-10-04', b'0'),
('C20231004035', 'NV035', b'1', '2023-10-04', b'0'),
('C20231004036', 'NV036', b'1', '2023-10-04', b'0'),
('C20231004037', 'NV037', b'1', '2023-10-04', b'0'),
('C20231005001', 'NV001', b'0', '2023-10-05', b'1'),
('C20231005002', 'NV002', b'0', '2023-10-05', b'0'),
('C20231005003', 'NV003', b'1', '2023-10-05', b'0'),
('C20231005004', 'NV004', b'1', '2023-10-05', b'0'),
('C20231005005', 'NV005', b'1', '2023-10-05', b'0'),
('C20231005006', 'NV006', b'1', '2023-10-05', b'0'),
('C20231005007', 'NV007', b'1', '2023-10-05', b'0'),
('C20231005008', 'NV008', b'1', '2023-10-05', b'0'),
('C20231005009', 'NV009', b'1', '2023-10-05', b'0'),
('C20231005010', 'NV010', b'1', '2023-10-05', b'0'),
('C20231005011', 'NV011', b'1', '2023-10-05', b'0'),
('C20231005012', 'NV012', b'1', '2023-10-05', b'0'),
('C20231005013', 'NV013', b'1', '2023-10-05', b'0'),
('C20231005014', 'NV014', b'1', '2023-10-05', b'0'),
('C20231005015', 'NV015', b'1', '2023-10-05', b'0'),
('C20231005016', 'NV016', b'1', '2023-10-05', b'0'),
('C20231005017', 'NV017', b'1', '2023-10-05', b'0'),
('C20231005018', 'NV018', b'1', '2023-10-05', b'0'),
('C20231005019', 'NV019', b'1', '2023-10-05', b'0'),
('C20231005020', 'NV020', b'1', '2023-10-05', b'0'),
('C20231005021', 'NV021', b'1', '2023-10-05', b'0'),
('C20231005022', 'NV022', b'1', '2023-10-05', b'0'),
('C20231005023', 'NV023', b'1', '2023-10-05', b'0'),
('C20231005024', 'NV024', b'1', '2023-10-05', b'0'),
('C20231005025', 'NV025', b'1', '2023-10-05', b'0'),
('C20231005026', 'NV026', b'1', '2023-10-05', b'0'),
('C20231005027', 'NV027', b'1', '2023-10-05', b'0'),
('C20231005028', 'NV028', b'1', '2023-10-05', b'0'),
('C20231005029', 'NV029', b'1', '2023-10-05', b'0'),
('C20231005030', 'NV030', b'1', '2023-10-05', b'0'),
('C20231005031', 'NV031', b'1', '2023-10-05', b'0'),
('C20231005032', 'NV032', b'1', '2023-10-05', b'0'),
('C20231005033', 'NV033', b'1', '2023-10-05', b'0'),
('C20231005034', 'NV034', b'1', '2023-10-05', b'0'),
('C20231005035', 'NV035', b'1', '2023-10-05', b'0'),
('C20231005036', 'NV036', b'1', '2023-10-05', b'0'),
('C20231005037', 'NV037', b'1', '2023-10-05', b'0'),
('C20231006001', 'NV001', b'0', '2023-10-06', b'1'),
('C20231006002', 'NV002', b'1', '2023-10-06', b'0'),
('C20231006003', 'NV003', b'1', '2023-10-06', b'0'),
('C20231006004', 'NV004', b'1', '2023-10-06', b'0'),
('C20231006005', 'NV005', b'1', '2023-10-06', b'0'),
('C20231006006', 'NV006', b'1', '2023-10-06', b'0'),
('C20231006007', 'NV007', b'1', '2023-10-06', b'0'),
('C20231006008', 'NV008', b'1', '2023-10-06', b'0'),
('C20231006009', 'NV009', b'1', '2023-10-06', b'0'),
('C20231006010', 'NV010', b'1', '2023-10-06', b'0'),
('C20231006011', 'NV011', b'1', '2023-10-06', b'0'),
('C20231006012', 'NV012', b'1', '2023-10-06', b'0'),
('C20231006013', 'NV013', b'1', '2023-10-06', b'0'),
('C20231006014', 'NV014', b'1', '2023-10-06', b'0'),
('C20231006015', 'NV015', b'1', '2023-10-06', b'0'),
('C20231006016', 'NV016', b'1', '2023-10-06', b'0'),
('C20231006017', 'NV017', b'1', '2023-10-06', b'0'),
('C20231006018', 'NV018', b'1', '2023-10-06', b'0'),
('C20231006019', 'NV019', b'1', '2023-10-06', b'0'),
('C20231006020', 'NV020', b'1', '2023-10-06', b'0'),
('C20231006021', 'NV021', b'1', '2023-10-06', b'0'),
('C20231006022', 'NV022', b'1', '2023-10-06', b'0'),
('C20231006023', 'NV023', b'1', '2023-10-06', b'0'),
('C20231006024', 'NV024', b'1', '2023-10-06', b'0'),
('C20231006025', 'NV025', b'1', '2023-10-06', b'0'),
('C20231006026', 'NV026', b'1', '2023-10-06', b'0'),
('C20231006027', 'NV027', b'1', '2023-10-06', b'0'),
('C20231006028', 'NV028', b'1', '2023-10-06', b'0'),
('C20231006029', 'NV029', b'1', '2023-10-06', b'0'),
('C20231006030', 'NV030', b'1', '2023-10-06', b'0'),
('C20231006031', 'NV031', b'1', '2023-10-06', b'0'),
('C20231006032', 'NV032', b'1', '2023-10-06', b'0'),
('C20231006033', 'NV033', b'1', '2023-10-06', b'0'),
('C20231006034', 'NV034', b'1', '2023-10-06', b'0'),
('C20231006035', 'NV035', b'1', '2023-10-06', b'0'),
('C20231006036', 'NV036', b'1', '2023-10-06', b'0'),
('C20231006037', 'NV037', b'1', '2023-10-06', b'0'),
('C20231007001', 'NV001', b'1', '2023-10-07', b'0'),
('C20231007002', 'NV002', b'0', '2023-10-07', b'1'),
('C20231007003', 'NV003', b'1', '2023-10-07', b'0'),
('C20231007004', 'NV004', b'1', '2023-10-07', b'0'),
('C20231007005', 'NV005', b'1', '2023-10-07', b'0'),
('C20231007006', 'NV006', b'1', '2023-10-07', b'0'),
('C20231007007', 'NV007', b'1', '2023-10-07', b'0'),
('C20231007008', 'NV008', b'1', '2023-10-07', b'0'),
('C20231007009', 'NV009', b'1', '2023-10-07', b'0'),
('C20231007010', 'NV010', b'1', '2023-10-07', b'0'),
('C20231007011', 'NV011', b'1', '2023-10-07', b'0'),
('C20231007012', 'NV012', b'1', '2023-10-07', b'0'),
('C20231007013', 'NV013', b'1', '2023-10-07', b'0'),
('C20231007014', 'NV014', b'1', '2023-10-07', b'0'),
('C20231007015', 'NV015', b'1', '2023-10-07', b'0'),
('C20231007016', 'NV016', b'1', '2023-10-07', b'0'),
('C20231007017', 'NV017', b'1', '2023-10-07', b'0'),
('C20231007018', 'NV018', b'0', '2023-10-07', b'0'),
('C20231007019', 'NV019', b'1', '2023-10-07', b'0'),
('C20231007020', 'NV020', b'1', '2023-10-07', b'0'),
('C20231007021', 'NV021', b'1', '2023-10-07', b'0'),
('C20231007022', 'NV022', b'1', '2023-10-07', b'0'),
('C20231007023', 'NV023', b'1', '2023-10-07', b'0'),
('C20231007024', 'NV024', b'1', '2023-10-07', b'0'),
('C20231007025', 'NV025', b'1', '2023-10-07', b'0'),
('C20231007026', 'NV026', b'1', '2023-10-07', b'0'),
('C20231007027', 'NV027', b'1', '2023-10-07', b'0'),
('C20231007028', 'NV028', b'1', '2023-10-07', b'0'),
('C20231007029', 'NV029', b'0', '2023-10-07', b'0'),
('C20231007030', 'NV030', b'1', '2023-10-07', b'0'),
('C20231007031', 'NV031', b'1', '2023-10-07', b'0'),
('C20231007032', 'NV032', b'1', '2023-10-07', b'0'),
('C20231007033', 'NV033', b'1', '2023-10-07', b'0'),
('C20231007034', 'NV034', b'1', '2023-10-07', b'0'),
('C20231007035', 'NV035', b'1', '2023-10-07', b'0'),
('C20231007036', 'NV036', b'1', '2023-10-07', b'0'),
('C20231007037', 'NV037', b'1', '2023-10-07', b'0'),
('C20231008001', 'NV001', b'0', '2023-10-08', b'0'),
('C20231008002', 'NV002', b'0', '2023-10-08', b'0'),
('C20231008003', 'NV003', b'0', '2023-10-08', b'0'),
('C20231008004', 'NV004', b'1', '2023-10-08', b'0'),
('C20231008005', 'NV005', b'0', '2023-10-08', b'0'),
('C20231008006', 'NV006', b'0', '2023-10-08', b'0'),
('C20231008007', 'NV007', b'0', '2023-10-08', b'0'),
('C20231008008', 'NV008', b'0', '2023-10-08', b'0'),
('C20231008009', 'NV009', b'0', '2023-10-08', b'0'),
('C20231008010', 'NV010', b'0', '2023-10-08', b'0'),
('C20231008011', 'NV011', b'1', '2023-10-08', b'0'),
('C20231008012', 'NV012', b'0', '2023-10-08', b'0'),
('C20231008013', 'NV013', b'0', '2023-10-08', b'0'),
('C20231008014', 'NV014', b'0', '2023-10-08', b'0'),
('C20231008015', 'NV015', b'0', '2023-10-08', b'0'),
('C20231008016', 'NV016', b'0', '2023-10-08', b'0'),
('C20231008017', 'NV017', b'0', '2023-10-08', b'0'),
('C20231008018', 'NV018', b'0', '2023-10-08', b'0'),
('C20231008019', 'NV019', b'0', '2023-10-08', b'0'),
('C20231008020', 'NV020', b'0', '2023-10-08', b'0'),
('C20231008021', 'NV021', b'0', '2023-10-08', b'0'),
('C20231008022', 'NV022', b'0', '2023-10-08', b'0'),
('C20231008023', 'NV023', b'0', '2023-10-08', b'0'),
('C20231008024', 'NV024', b'0', '2023-10-08', b'0'),
('C20231008025', 'NV025', b'0', '2023-10-08', b'0'),
('C20231008026', 'NV026', b'0', '2023-10-08', b'0'),
('C20231008027', 'NV027', b'0', '2023-10-08', b'0'),
('C20231008028', 'NV028', b'0', '2023-10-08', b'0'),
('C20231008029', 'NV029', b'0', '2023-10-08', b'0'),
('C20231008030', 'NV030', b'0', '2023-10-08', b'0'),
('C20231008031', 'NV031', b'0', '2023-10-08', b'0'),
('C20231008032', 'NV032', b'0', '2023-10-08', b'0'),
('C20231008033', 'NV033', b'0', '2023-10-08', b'0'),
('C20231008034', 'NV034', b'0', '2023-10-08', b'0'),
('C20231008035', 'NV035', b'0', '2023-10-08', b'0'),
('C20231008036', 'NV036', b'0', '2023-10-08', b'0'),
('C20231008037', 'NV037', b'0', '2023-10-08', b'0'),
('C20231009001', 'NV001', b'1', '2023-10-09', b'0'),
('C20231009002', 'NV002', b'1', '2023-10-09', b'0'),
('C20231009003', 'NV003', b'1', '2023-10-09', b'0'),
('C20231009004', 'NV004', b'1', '2023-10-09', b'0'),
('C20231009005', 'NV005', b'1', '2023-10-09', b'0'),
('C20231009006', 'NV006', b'1', '2023-10-09', b'0'),
('C20231009007', 'NV007', b'1', '2023-10-09', b'0'),
('C20231009008', 'NV008', b'1', '2023-10-09', b'0'),
('C20231009009', 'NV009', b'1', '2023-10-09', b'0'),
('C20231009010', 'NV010', b'1', '2023-10-09', b'0'),
('C20231009011', 'NV011', b'1', '2023-10-09', b'0'),
('C20231009012', 'NV012', b'1', '2023-10-09', b'0'),
('C20231009013', 'NV013', b'1', '2023-10-09', b'0'),
('C20231009014', 'NV014', b'1', '2023-10-09', b'0'),
('C20231009015', 'NV015', b'1', '2023-10-09', b'0'),
('C20231009016', 'NV016', b'1', '2023-10-09', b'0'),
('C20231009017', 'NV017', b'1', '2023-10-09', b'0'),
('C20231009018', 'NV018', b'1', '2023-10-09', b'0'),
('C20231009019', 'NV019', b'1', '2023-10-09', b'0'),
('C20231009020', 'NV020', b'1', '2023-10-09', b'0'),
('C20231009021', 'NV021', b'1', '2023-10-09', b'0'),
('C20231009022', 'NV022', b'1', '2023-10-09', b'0'),
('C20231009023', 'NV023', b'1', '2023-10-09', b'0'),
('C20231009024', 'NV024', b'1', '2023-10-09', b'0'),
('C20231009025', 'NV025', b'1', '2023-10-09', b'0'),
('C20231009026', 'NV026', b'1', '2023-10-09', b'0'),
('C20231009027', 'NV027', b'1', '2023-10-09', b'0'),
('C20231009028', 'NV028', b'1', '2023-10-09', b'0'),
('C20231009029', 'NV029', b'1', '2023-10-09', b'0'),
('C20231009030', 'NV030', b'1', '2023-10-09', b'0'),
('C20231009031', 'NV031', b'1', '2023-10-09', b'0'),
('C20231009032', 'NV032', b'1', '2023-10-09', b'0'),
('C20231009033', 'NV033', b'1', '2023-10-09', b'0'),
('C20231009034', 'NV034', b'1', '2023-10-09', b'0'),
('C20231009035', 'NV035', b'1', '2023-10-09', b'0'),
('C20231009036', 'NV036', b'1', '2023-10-09', b'0'),
('C20231009037', 'NV037', b'1', '2023-10-09', b'0'),
('C20231010001', 'NV001', b'1', '2023-10-10', b'0'),
('C20231010002', 'NV002', b'1', '2023-10-10', b'0'),
('C20231010003', 'NV003', b'1', '2023-10-10', b'0'),
('C20231010004', 'NV004', b'1', '2023-10-10', b'0'),
('C20231010005', 'NV005', b'1', '2023-10-10', b'0'),
('C20231010006', 'NV006', b'1', '2023-10-10', b'0'),
('C20231010007', 'NV007', b'1', '2023-10-10', b'0'),
('C20231010008', 'NV008', b'1', '2023-10-10', b'0'),
('C20231010009', 'NV009', b'1', '2023-10-10', b'0'),
('C20231010010', 'NV010', b'1', '2023-10-10', b'0'),
('C20231010011', 'NV011', b'1', '2023-10-10', b'0'),
('C20231010012', 'NV012', b'1', '2023-10-10', b'0'),
('C20231010013', 'NV013', b'1', '2023-10-10', b'0'),
('C20231010014', 'NV014', b'1', '2023-10-10', b'0'),
('C20231010015', 'NV015', b'1', '2023-10-10', b'0'),
('C20231010016', 'NV016', b'1', '2023-10-10', b'0'),
('C20231010017', 'NV017', b'1', '2023-10-10', b'0'),
('C20231010018', 'NV018', b'1', '2023-10-10', b'0'),
('C20231010019', 'NV019', b'1', '2023-10-10', b'0'),
('C20231010020', 'NV020', b'1', '2023-10-10', b'0'),
('C20231010021', 'NV021', b'1', '2023-10-10', b'0'),
('C20231010022', 'NV022', b'1', '2023-10-10', b'0'),
('C20231010023', 'NV023', b'1', '2023-10-10', b'0'),
('C20231010024', 'NV024', b'1', '2023-10-10', b'0'),
('C20231010025', 'NV025', b'1', '2023-10-10', b'0'),
('C20231010026', 'NV026', b'1', '2023-10-10', b'0'),
('C20231010027', 'NV027', b'1', '2023-10-10', b'0'),
('C20231010028', 'NV028', b'1', '2023-10-10', b'0'),
('C20231010029', 'NV029', b'1', '2023-10-10', b'0'),
('C20231010030', 'NV030', b'1', '2023-10-10', b'0'),
('C20231010031', 'NV031', b'1', '2023-10-10', b'0'),
('C20231010032', 'NV032', b'1', '2023-10-10', b'0'),
('C20231010033', 'NV033', b'1', '2023-10-10', b'0'),
('C20231010034', 'NV034', b'1', '2023-10-10', b'0'),
('C20231010035', 'NV035', b'1', '2023-10-10', b'0'),
('C20231010036', 'NV036', b'1', '2023-10-10', b'0'),
('C20231010037', 'NV037', b'1', '2023-10-10', b'0'),
('C20231011001', 'NV001', b'1', '2023-10-11', b'0'),
('C20231011002', 'NV002', b'1', '2023-10-11', b'0'),
('C20231011003', 'NV003', b'1', '2023-10-11', b'0'),
('C20231011004', 'NV004', b'1', '2023-10-11', b'0'),
('C20231011005', 'NV005', b'1', '2023-10-11', b'0'),
('C20231011006', 'NV006', b'1', '2023-10-11', b'0'),
('C20231011007', 'NV007', b'1', '2023-10-11', b'0'),
('C20231011008', 'NV008', b'1', '2023-10-11', b'0'),
('C20231011009', 'NV009', b'1', '2023-10-11', b'0'),
('C20231011010', 'NV010', b'1', '2023-10-11', b'0'),
('C20231011011', 'NV011', b'1', '2023-10-11', b'0'),
('C20231011012', 'NV012', b'1', '2023-10-11', b'0'),
('C20231011013', 'NV013', b'1', '2023-10-11', b'0'),
('C20231011014', 'NV014', b'1', '2023-10-11', b'0'),
('C20231011015', 'NV015', b'1', '2023-10-11', b'0'),
('C20231011016', 'NV016', b'1', '2023-10-11', b'0'),
('C20231011017', 'NV017', b'1', '2023-10-11', b'0'),
('C20231011018', 'NV018', b'1', '2023-10-11', b'0'),
('C20231011019', 'NV019', b'1', '2023-10-11', b'0'),
('C20231011020', 'NV020', b'1', '2023-10-11', b'0'),
('C20231011021', 'NV021', b'1', '2023-10-11', b'0'),
('C20231011022', 'NV022', b'1', '2023-10-11', b'0'),
('C20231011023', 'NV023', b'1', '2023-10-11', b'0'),
('C20231011024', 'NV024', b'1', '2023-10-11', b'0'),
('C20231011025', 'NV025', b'1', '2023-10-11', b'0'),
('C20231011026', 'NV026', b'1', '2023-10-11', b'0'),
('C20231011027', 'NV027', b'1', '2023-10-11', b'0'),
('C20231011028', 'NV028', b'1', '2023-10-11', b'0'),
('C20231011029', 'NV029', b'1', '2023-10-11', b'0'),
('C20231011030', 'NV030', b'1', '2023-10-11', b'0'),
('C20231011031', 'NV031', b'1', '2023-10-11', b'0'),
('C20231011032', 'NV032', b'1', '2023-10-11', b'0'),
('C20231011033', 'NV033', b'1', '2023-10-11', b'0'),
('C20231011034', 'NV034', b'1', '2023-10-11', b'0'),
('C20231011035', 'NV035', b'1', '2023-10-11', b'0'),
('C20231011036', 'NV036', b'1', '2023-10-11', b'0'),
('C20231011037', 'NV037', b'1', '2023-10-11', b'0'),
('C20231012001', 'NV001', b'1', '2023-10-12', b'0'),
('C20231012002', 'NV002', b'1', '2023-10-12', b'0'),
('C20231012003', 'NV003', b'1', '2023-10-12', b'0'),
('C20231012004', 'NV004', b'1', '2023-10-12', b'0'),
('C20231012005', 'NV005', b'1', '2023-10-12', b'0'),
('C20231012006', 'NV006', b'1', '2023-10-12', b'0'),
('C20231012007', 'NV007', b'1', '2023-10-12', b'0'),
('C20231012008', 'NV008', b'1', '2023-10-12', b'0'),
('C20231012009', 'NV009', b'1', '2023-10-12', b'0'),
('C20231012010', 'NV010', b'1', '2023-10-12', b'0'),
('C20231012011', 'NV011', b'1', '2023-10-12', b'0'),
('C20231012012', 'NV012', b'1', '2023-10-12', b'0'),
('C20231012013', 'NV013', b'0', '2023-10-12', b'0'),
('C20231012014', 'NV014', b'1', '2023-10-12', b'0'),
('C20231012015', 'NV015', b'1', '2023-10-12', b'0'),
('C20231012016', 'NV016', b'1', '2023-10-12', b'0'),
('C20231012017', 'NV017', b'1', '2023-10-12', b'0'),
('C20231012018', 'NV018', b'1', '2023-10-12', b'0'),
('C20231012019', 'NV019', b'1', '2023-10-12', b'0'),
('C20231012020', 'NV020', b'1', '2023-10-12', b'0'),
('C20231012021', 'NV021', b'1', '2023-10-12', b'0'),
('C20231012022', 'NV022', b'0', '2023-10-12', b'0'),
('C20231012023', 'NV023', b'1', '2023-10-12', b'0'),
('C20231012024', 'NV024', b'1', '2023-10-12', b'0'),
('C20231012025', 'NV025', b'0', '2023-10-12', b'0'),
('C20231012026', 'NV026', b'1', '2023-10-12', b'0'),
('C20231012027', 'NV027', b'1', '2023-10-12', b'0'),
('C20231012028', 'NV028', b'1', '2023-10-12', b'0'),
('C20231012029', 'NV029', b'1', '2023-10-12', b'0'),
('C20231012030', 'NV030', b'0', '2023-10-12', b'0'),
('C20231012031', 'NV031', b'1', '2023-10-12', b'0'),
('C20231012032', 'NV032', b'1', '2023-10-12', b'0'),
('C20231012033', 'NV033', b'1', '2023-10-12', b'0'),
('C20231012034', 'NV034', b'1', '2023-10-12', b'0'),
('C20231012035', 'NV035', b'1', '2023-10-12', b'0'),
('C20231012036', 'NV036', b'1', '2023-10-12', b'0'),
('C20231012037', 'NV037', b'1', '2023-10-12', b'0'),
('C20231013001', 'NV001', b'0', '2023-10-13', b'1'),
('C20231013002', 'NV002', b'1', '2023-10-13', b'0'),
('C20231013003', 'NV003', b'1', '2023-10-13', b'0'),
('C20231013004', 'NV004', b'1', '2023-10-13', b'0'),
('C20231013005', 'NV005', b'1', '2023-10-13', b'0'),
('C20231013006', 'NV006', b'1', '2023-10-13', b'0'),
('C20231013007', 'NV007', b'1', '2023-10-13', b'0'),
('C20231013008', 'NV008', b'1', '2023-10-13', b'0'),
('C20231013009', 'NV009', b'1', '2023-10-13', b'0'),
('C20231013010', 'NV010', b'1', '2023-10-13', b'0'),
('C20231013011', 'NV011', b'1', '2023-10-13', b'0'),
('C20231013012', 'NV012', b'1', '2023-10-13', b'0'),
('C20231013013', 'NV013', b'1', '2023-10-13', b'0'),
('C20231013014', 'NV014', b'1', '2023-10-13', b'0'),
('C20231013015', 'NV015', b'1', '2023-10-13', b'0'),
('C20231013016', 'NV016', b'1', '2023-10-13', b'0'),
('C20231013017', 'NV017', b'1', '2023-10-13', b'0'),
('C20231013018', 'NV018', b'1', '2023-10-13', b'0'),
('C20231013019', 'NV019', b'1', '2023-10-13', b'0'),
('C20231013020', 'NV020', b'1', '2023-10-13', b'0'),
('C20231013021', 'NV021', b'1', '2023-10-13', b'0'),
('C20231013022', 'NV022', b'1', '2023-10-13', b'0'),
('C20231013023', 'NV023', b'1', '2023-10-13', b'0'),
('C20231013024', 'NV024', b'1', '2023-10-13', b'0'),
('C20231013025', 'NV025', b'1', '2023-10-13', b'0'),
('C20231013026', 'NV026', b'1', '2023-10-13', b'0'),
('C20231013027', 'NV027', b'1', '2023-10-13', b'0'),
('C20231013028', 'NV028', b'1', '2023-10-13', b'0'),
('C20231013029', 'NV029', b'1', '2023-10-13', b'0'),
('C20231013030', 'NV030', b'1', '2023-10-13', b'0'),
('C20231013031', 'NV031', b'1', '2023-10-13', b'0'),
('C20231013032', 'NV032', b'1', '2023-10-13', b'0'),
('C20231013033', 'NV033', b'1', '2023-10-13', b'0'),
('C20231013034', 'NV034', b'1', '2023-10-13', b'0'),
('C20231013035', 'NV035', b'1', '2023-10-13', b'0'),
('C20231013036', 'NV036', b'1', '2023-10-13', b'0'),
('C20231013037', 'NV037', b'1', '2023-10-13', b'0'),
('C20231014001', 'NV001', b'1', '2023-10-14', b'0'),
('C20231014002', 'NV002', b'0', '2023-10-14', b'1'),
('C20231014003', 'NV003', b'1', '2023-10-14', b'0'),
('C20231014004', 'NV004', b'1', '2023-10-14', b'0'),
('C20231014005', 'NV005', b'0', '2023-10-14', b'0'),
('C20231014006', 'NV006', b'1', '2023-10-14', b'0'),
('C20231014007', 'NV007', b'1', '2023-10-14', b'0'),
('C20231014008', 'NV008', b'1', '2023-10-14', b'0'),
('C20231014009', 'NV009', b'1', '2023-10-14', b'0'),
('C20231014010', 'NV010', b'1', '2023-10-14', b'0'),
('C20231014011', 'NV011', b'1', '2023-10-14', b'0'),
('C20231014012', 'NV012', b'1', '2023-10-14', b'0'),
('C20231014013', 'NV013', b'1', '2023-10-14', b'0'),
('C20231014014', 'NV014', b'1', '2023-10-14', b'0'),
('C20231014015', 'NV015', b'1', '2023-10-14', b'0'),
('C20231014016', 'NV016', b'1', '2023-10-14', b'0'),
('C20231014017', 'NV017', b'1', '2023-10-14', b'0'),
('C20231014018', 'NV018', b'1', '2023-10-14', b'0'),
('C20231014019', 'NV019', b'1', '2023-10-14', b'0'),
('C20231014020', 'NV020', b'1', '2023-10-14', b'0'),
('C20231014021', 'NV021', b'1', '2023-10-14', b'0'),
('C20231014022', 'NV022', b'1', '2023-10-14', b'0'),
('C20231014023', 'NV023', b'1', '2023-10-14', b'0'),
('C20231014024', 'NV024', b'1', '2023-10-14', b'0'),
('C20231014025', 'NV025', b'1', '2023-10-14', b'0'),
('C20231014026', 'NV026', b'1', '2023-10-14', b'0'),
('C20231014027', 'NV027', b'1', '2023-10-14', b'0'),
('C20231014028', 'NV028', b'1', '2023-10-14', b'0'),
('C20231014029', 'NV029', b'1', '2023-10-14', b'0'),
('C20231014030', 'NV030', b'1', '2023-10-14', b'0'),
('C20231014031', 'NV031', b'1', '2023-10-14', b'0'),
('C20231014032', 'NV032', b'1', '2023-10-14', b'0'),
('C20231014033', 'NV033', b'1', '2023-10-14', b'0'),
('C20231014034', 'NV034', b'1', '2023-10-14', b'0'),
('C20231014035', 'NV035', b'1', '2023-10-14', b'0'),
('C20231014036', 'NV036', b'1', '2023-10-14', b'0'),
('C20231014037', 'NV037', b'1', '2023-10-14', b'0'),
('C20231015001', 'NV001', b'0', '2023-10-15', b'0'),
('C20231015002', 'NV002', b'0', '2023-10-15', b'0'),
('C20231015003', 'NV003', b'0', '2023-10-15', b'0'),
('C20231015004', 'NV004', b'0', '2023-10-15', b'0'),
('C20231015005', 'NV005', b'0', '2023-10-15', b'0'),
('C20231015006', 'NV006', b'0', '2023-10-15', b'0'),
('C20231015007', 'NV007', b'0', '2023-10-15', b'0'),
('C20231015008', 'NV008', b'0', '2023-10-15', b'0'),
('C20231015009', 'NV009', b'0', '2023-10-15', b'0'),
('C20231015010', 'NV010', b'0', '2023-10-15', b'0'),
('C20231015011', 'NV011', b'0', '2023-10-15', b'0'),
('C20231015012', 'NV012', b'0', '2023-10-15', b'0'),
('C20231015013', 'NV013', b'0', '2023-10-15', b'0'),
('C20231015014', 'NV014', b'0', '2023-10-15', b'0'),
('C20231015015', 'NV015', b'0', '2023-10-15', b'0'),
('C20231015016', 'NV016', b'0', '2023-10-15', b'0'),
('C20231015017', 'NV017', b'0', '2023-10-15', b'0'),
('C20231015018', 'NV018', b'0', '2023-10-15', b'0'),
('C20231015019', 'NV019', b'0', '2023-10-15', b'0'),
('C20231015020', 'NV020', b'0', '2023-10-15', b'0'),
('C20231015021', 'NV021', b'0', '2023-10-15', b'0'),
('C20231015022', 'NV022', b'0', '2023-10-15', b'0'),
('C20231015023', 'NV023', b'0', '2023-10-15', b'0'),
('C20231015024', 'NV024', b'0', '2023-10-15', b'0'),
('C20231015025', 'NV025', b'0', '2023-10-15', b'0'),
('C20231015026', 'NV026', b'0', '2023-10-15', b'0'),
('C20231015027', 'NV027', b'0', '2023-10-15', b'0'),
('C20231015028', 'NV028', b'0', '2023-10-15', b'0'),
('C20231015029', 'NV029', b'0', '2023-10-15', b'0'),
('C20231015030', 'NV030', b'0', '2023-10-15', b'0'),
('C20231015031', 'NV031', b'0', '2023-10-15', b'0'),
('C20231015032', 'NV032', b'0', '2023-10-15', b'0'),
('C20231015033', 'NV033', b'0', '2023-10-15', b'0'),
('C20231015034', 'NV034', b'0', '2023-10-15', b'0'),
('C20231015035', 'NV035', b'0', '2023-10-15', b'0'),
('C20231015036', 'NV036', b'0', '2023-10-15', b'0'),
('C20231015037', 'NV037', b'0', '2023-10-15', b'0'),
('C20231016001', 'NV001', b'0', '2023-10-16', b'1'),
('C20231016002', 'NV002', b'1', '2023-10-16', b'0'),
('C20231016003', 'NV003', b'1', '2023-10-16', b'0'),
('C20231016004', 'NV004', b'0', '2023-10-16', b'0'),
('C20231016005', 'NV005', b'1', '2023-10-16', b'0'),
('C20231016006', 'NV006', b'1', '2023-10-16', b'0'),
('C20231016007', 'NV007', b'1', '2023-10-16', b'0'),
('C20231016008', 'NV008', b'1', '2023-10-16', b'0'),
('C20231016009', 'NV009', b'1', '2023-10-16', b'0'),
('C20231016010', 'NV010', b'1', '2023-10-16', b'0'),
('C20231016011', 'NV011', b'1', '2023-10-16', b'0'),
('C20231016012', 'NV012', b'1', '2023-10-16', b'0'),
('C20231016013', 'NV013', b'1', '2023-10-16', b'0'),
('C20231016014', 'NV014', b'1', '2023-10-16', b'0'),
('C20231016015', 'NV015', b'1', '2023-10-16', b'0'),
('C20231016016', 'NV016', b'1', '2023-10-16', b'0'),
('C20231016017', 'NV017', b'1', '2023-10-16', b'0'),
('C20231016018', 'NV018', b'1', '2023-10-16', b'0'),
('C20231016019', 'NV019', b'1', '2023-10-16', b'0'),
('C20231016020', 'NV020', b'1', '2023-10-16', b'0'),
('C20231016021', 'NV021', b'0', '2023-10-16', b'0'),
('C20231016022', 'NV022', b'1', '2023-10-16', b'0'),
('C20231016023', 'NV023', b'1', '2023-10-16', b'0'),
('C20231016024', 'NV024', b'1', '2023-10-16', b'0'),
('C20231016025', 'NV025', b'1', '2023-10-16', b'0'),
('C20231016026', 'NV026', b'1', '2023-10-16', b'0'),
('C20231016027', 'NV027', b'1', '2023-10-16', b'0'),
('C20231016028', 'NV028', b'1', '2023-10-16', b'0'),
('C20231016029', 'NV029', b'1', '2023-10-16', b'0'),
('C20231016030', 'NV030', b'1', '2023-10-16', b'0'),
('C20231016031', 'NV031', b'1', '2023-10-16', b'0'),
('C20231016032', 'NV032', b'1', '2023-10-16', b'0'),
('C20231016033', 'NV033', b'1', '2023-10-16', b'0'),
('C20231016034', 'NV034', b'1', '2023-10-16', b'0'),
('C20231016035', 'NV035', b'1', '2023-10-16', b'0'),
('C20231016036', 'NV036', b'1', '2023-10-16', b'0'),
('C20231016037', 'NV037', b'1', '2023-10-16', b'0'),
('C20231017001', 'NV001', b'1', '2023-10-17', b'0'),
('C20231017002', 'NV002', b'0', '2023-10-17', b'1'),
('C20231017003', 'NV003', b'1', '2023-10-17', b'0'),
('C20231017004', 'NV004', b'1', '2023-10-17', b'0'),
('C20231017005', 'NV005', b'1', '2023-10-17', b'0'),
('C20231017006', 'NV006', b'1', '2023-10-17', b'0'),
('C20231017007', 'NV007', b'1', '2023-10-17', b'0'),
('C20231017008', 'NV008', b'1', '2023-10-17', b'0'),
('C20231017009', 'NV009', b'1', '2023-10-17', b'0'),
('C20231017010', 'NV010', b'1', '2023-10-17', b'0'),
('C20231017011', 'NV011', b'1', '2023-10-17', b'0'),
('C20231017012', 'NV012', b'1', '2023-10-17', b'0'),
('C20231017013', 'NV013', b'1', '2023-10-17', b'0'),
('C20231017014', 'NV014', b'1', '2023-10-17', b'0'),
('C20231017015', 'NV015', b'1', '2023-10-17', b'0'),
('C20231017016', 'NV016', b'1', '2023-10-17', b'0'),
('C20231017017', 'NV017', b'1', '2023-10-17', b'0'),
('C20231017018', 'NV018', b'1', '2023-10-17', b'0'),
('C20231017019', 'NV019', b'1', '2023-10-17', b'0'),
('C20231017020', 'NV020', b'1', '2023-10-17', b'0'),
('C20231017021', 'NV021', b'1', '2023-10-17', b'0'),
('C20231017022', 'NV022', b'1', '2023-10-17', b'0'),
('C20231017023', 'NV023', b'1', '2023-10-17', b'0'),
('C20231017024', 'NV024', b'1', '2023-10-17', b'0'),
('C20231017025', 'NV025', b'1', '2023-10-17', b'0'),
('C20231017026', 'NV026', b'1', '2023-10-17', b'0'),
('C20231017027', 'NV027', b'1', '2023-10-17', b'0'),
('C20231017028', 'NV028', b'1', '2023-10-17', b'0'),
('C20231017029', 'NV029', b'1', '2023-10-17', b'0'),
('C20231017030', 'NV030', b'1', '2023-10-17', b'0'),
('C20231017031', 'NV031', b'1', '2023-10-17', b'0'),
('C20231017032', 'NV032', b'1', '2023-10-17', b'0'),
('C20231017033', 'NV033', b'1', '2023-10-17', b'0'),
('C20231017034', 'NV034', b'1', '2023-10-17', b'0'),
('C20231017035', 'NV035', b'1', '2023-10-17', b'0'),
('C20231017036', 'NV036', b'1', '2023-10-17', b'0'),
('C20231017037', 'NV037', b'1', '2023-10-17', b'0'),
('C20231018001', 'NV001', b'1', '2023-10-18', b'0'),
('C20231018002', 'NV002', b'1', '2023-10-18', b'0'),
('C20231018003', 'NV003', b'1', '2023-10-18', b'0'),
('C20231018004', 'NV004', b'1', '2023-10-18', b'0'),
('C20231018005', 'NV005', b'1', '2023-10-18', b'0'),
('C20231018006', 'NV006', b'1', '2023-10-18', b'0'),
('C20231018007', 'NV007', b'1', '2023-10-18', b'0'),
('C20231018008', 'NV008', b'1', '2023-10-18', b'0'),
('C20231018009', 'NV009', b'1', '2023-10-18', b'0'),
('C20231018010', 'NV010', b'1', '2023-10-18', b'0'),
('C20231018011', 'NV011', b'1', '2023-10-18', b'0'),
('C20231018012', 'NV012', b'1', '2023-10-18', b'0'),
('C20231018013', 'NV013', b'1', '2023-10-18', b'0'),
('C20231018014', 'NV014', b'1', '2023-10-18', b'0'),
('C20231018015', 'NV015', b'1', '2023-10-18', b'0'),
('C20231018016', 'NV016', b'1', '2023-10-18', b'0'),
('C20231018017', 'NV017', b'1', '2023-10-18', b'0'),
('C20231018018', 'NV018', b'1', '2023-10-18', b'0'),
('C20231018019', 'NV019', b'1', '2023-10-18', b'0'),
('C20231018020', 'NV020', b'1', '2023-10-18', b'0'),
('C20231018021', 'NV021', b'1', '2023-10-18', b'0'),
('C20231018022', 'NV022', b'1', '2023-10-18', b'0'),
('C20231018023', 'NV023', b'1', '2023-10-18', b'0'),
('C20231018024', 'NV024', b'1', '2023-10-18', b'0'),
('C20231018025', 'NV025', b'1', '2023-10-18', b'0'),
('C20231018026', 'NV026', b'1', '2023-10-18', b'0'),
('C20231018027', 'NV027', b'1', '2023-10-18', b'0'),
('C20231018028', 'NV028', b'1', '2023-10-18', b'0'),
('C20231018029', 'NV029', b'1', '2023-10-18', b'0'),
('C20231018030', 'NV030', b'1', '2023-10-18', b'0'),
('C20231018031', 'NV031', b'1', '2023-10-18', b'0'),
('C20231018032', 'NV032', b'1', '2023-10-18', b'0'),
('C20231018033', 'NV033', b'1', '2023-10-18', b'0'),
('C20231018034', 'NV034', b'1', '2023-10-18', b'0'),
('C20231018035', 'NV035', b'1', '2023-10-18', b'0'),
('C20231018036', 'NV036', b'1', '2023-10-18', b'0'),
('C20231018037', 'NV037', b'1', '2023-10-18', b'0'),
('C20231019001', 'NV001', b'1', '2023-10-19', b'0'),
('C20231019002', 'NV002', b'1', '2023-10-19', b'0'),
('C20231019003', 'NV003', b'1', '2023-10-19', b'0'),
('C20231019004', 'NV004', b'1', '2023-10-19', b'0'),
('C20231019005', 'NV005', b'1', '2023-10-19', b'0'),
('C20231019006', 'NV006', b'1', '2023-10-19', b'0'),
('C20231019007', 'NV007', b'1', '2023-10-19', b'0'),
('C20231019008', 'NV008', b'1', '2023-10-19', b'0'),
('C20231019009', 'NV009', b'1', '2023-10-19', b'0'),
('C20231019010', 'NV010', b'1', '2023-10-19', b'0'),
('C20231019011', 'NV011', b'1', '2023-10-19', b'0');
INSERT INTO `cham_cong` (`MaCong`, `MaNV`, `TinhTrang`, `Ngay`, `NghiHL`) VALUES
('C20231019012', 'NV012', b'1', '2023-10-19', b'0'),
('C20231019013', 'NV013', b'1', '2023-10-19', b'0'),
('C20231019014', 'NV014', b'1', '2023-10-19', b'0'),
('C20231019015', 'NV015', b'1', '2023-10-19', b'0'),
('C20231019016', 'NV016', b'1', '2023-10-19', b'0'),
('C20231019017', 'NV017', b'1', '2023-10-19', b'0'),
('C20231019018', 'NV018', b'1', '2023-10-19', b'0'),
('C20231019019', 'NV019', b'1', '2023-10-19', b'0'),
('C20231019020', 'NV020', b'1', '2023-10-19', b'0'),
('C20231019021', 'NV021', b'1', '2023-10-19', b'0'),
('C20231019022', 'NV022', b'1', '2023-10-19', b'0'),
('C20231019023', 'NV023', b'1', '2023-10-19', b'0'),
('C20231019024', 'NV024', b'1', '2023-10-19', b'0'),
('C20231019025', 'NV025', b'1', '2023-10-19', b'0'),
('C20231019026', 'NV026', b'1', '2023-10-19', b'0'),
('C20231019027', 'NV027', b'1', '2023-10-19', b'0'),
('C20231019028', 'NV028', b'1', '2023-10-19', b'0'),
('C20231019029', 'NV029', b'1', '2023-10-19', b'0'),
('C20231019030', 'NV030', b'1', '2023-10-19', b'0'),
('C20231019031', 'NV031', b'1', '2023-10-19', b'0'),
('C20231019032', 'NV032', b'1', '2023-10-19', b'0'),
('C20231019033', 'NV033', b'1', '2023-10-19', b'0'),
('C20231019034', 'NV034', b'1', '2023-10-19', b'0'),
('C20231019035', 'NV035', b'1', '2023-10-19', b'0'),
('C20231019036', 'NV036', b'1', '2023-10-19', b'0'),
('C20231019037', 'NV037', b'1', '2023-10-19', b'0'),
('C20231020001', 'NV001', b'1', '2023-10-20', b'0'),
('C20231020002', 'NV002', b'1', '2023-10-20', b'0'),
('C20231020003', 'NV003', b'1', '2023-10-20', b'0'),
('C20231020004', 'NV004', b'1', '2023-10-20', b'0'),
('C20231020005', 'NV005', b'1', '2023-10-20', b'0'),
('C20231020006', 'NV006', b'1', '2023-10-20', b'0'),
('C20231020007', 'NV007', b'1', '2023-10-20', b'0'),
('C20231020008', 'NV008', b'1', '2023-10-20', b'0'),
('C20231020009', 'NV009', b'1', '2023-10-20', b'0'),
('C20231020010', 'NV010', b'1', '2023-10-20', b'0'),
('C20231020011', 'NV011', b'1', '2023-10-20', b'0'),
('C20231020012', 'NV012', b'1', '2023-10-20', b'0'),
('C20231020013', 'NV013', b'1', '2023-10-20', b'0'),
('C20231020014', 'NV014', b'1', '2023-10-20', b'0'),
('C20231020015', 'NV015', b'1', '2023-10-20', b'0'),
('C20231020016', 'NV016', b'1', '2023-10-20', b'0'),
('C20231020017', 'NV017', b'1', '2023-10-20', b'0'),
('C20231020018', 'NV018', b'1', '2023-10-20', b'0'),
('C20231020019', 'NV019', b'1', '2023-10-20', b'0'),
('C20231020020', 'NV020', b'1', '2023-10-20', b'0'),
('C20231020021', 'NV021', b'1', '2023-10-20', b'0'),
('C20231020022', 'NV022', b'1', '2023-10-20', b'0'),
('C20231020023', 'NV023', b'1', '2023-10-20', b'0'),
('C20231020024', 'NV024', b'1', '2023-10-20', b'0'),
('C20231020025', 'NV025', b'1', '2023-10-20', b'0'),
('C20231020026', 'NV026', b'1', '2023-10-20', b'0'),
('C20231020027', 'NV027', b'1', '2023-10-20', b'0'),
('C20231020028', 'NV028', b'1', '2023-10-20', b'0'),
('C20231020029', 'NV029', b'1', '2023-10-20', b'0'),
('C20231020030', 'NV030', b'1', '2023-10-20', b'0'),
('C20231020031', 'NV031', b'1', '2023-10-20', b'0'),
('C20231020032', 'NV032', b'1', '2023-10-20', b'0'),
('C20231020033', 'NV033', b'1', '2023-10-20', b'0'),
('C20231020034', 'NV034', b'1', '2023-10-20', b'0'),
('C20231020035', 'NV035', b'1', '2023-10-20', b'0'),
('C20231020036', 'NV036', b'1', '2023-10-20', b'0'),
('C20231020037', 'NV037', b'1', '2023-10-20', b'0'),
('C20231021001', 'NV001', b'1', '2023-10-21', b'0'),
('C20231021002', 'NV002', b'1', '2023-10-21', b'0'),
('C20231021003', 'NV003', b'1', '2023-10-21', b'0'),
('C20231021004', 'NV004', b'1', '2023-10-21', b'0'),
('C20231021005', 'NV005', b'1', '2023-10-21', b'0'),
('C20231021006', 'NV006', b'1', '2023-10-21', b'0'),
('C20231021007', 'NV007', b'1', '2023-10-21', b'0'),
('C20231021008', 'NV008', b'1', '2023-10-21', b'0'),
('C20231021009', 'NV009', b'0', '2023-10-21', b'0'),
('C20231021010', 'NV010', b'1', '2023-10-21', b'0'),
('C20231021011', 'NV011', b'1', '2023-10-21', b'0'),
('C20231021012', 'NV012', b'1', '2023-10-21', b'0'),
('C20231021013', 'NV013', b'1', '2023-10-21', b'0'),
('C20231021014', 'NV014', b'1', '2023-10-21', b'0'),
('C20231021015', 'NV015', b'1', '2023-10-21', b'0'),
('C20231021016', 'NV016', b'0', '2023-10-21', b'0'),
('C20231021017', 'NV017', b'1', '2023-10-21', b'0'),
('C20231021018', 'NV018', b'1', '2023-10-21', b'0'),
('C20231021019', 'NV019', b'0', '2023-10-21', b'0'),
('C20231021020', 'NV020', b'1', '2023-10-21', b'0'),
('C20231021021', 'NV021', b'1', '2023-10-21', b'0'),
('C20231021022', 'NV022', b'1', '2023-10-21', b'0'),
('C20231021023', 'NV023', b'0', '2023-10-21', b'0'),
('C20231021024', 'NV024', b'1', '2023-10-21', b'0'),
('C20231021025', 'NV025', b'1', '2023-10-21', b'0'),
('C20231021026', 'NV026', b'1', '2023-10-21', b'0'),
('C20231021027', 'NV027', b'1', '2023-10-21', b'0'),
('C20231021028', 'NV028', b'1', '2023-10-21', b'0'),
('C20231021029', 'NV029', b'0', '2023-10-21', b'0'),
('C20231021030', 'NV030', b'1', '2023-10-21', b'0'),
('C20231021031', 'NV031', b'1', '2023-10-21', b'0'),
('C20231021032', 'NV032', b'1', '2023-10-21', b'0'),
('C20231021033', 'NV033', b'1', '2023-10-21', b'0'),
('C20231021034', 'NV034', b'1', '2023-10-21', b'0'),
('C20231021035', 'NV035', b'1', '2023-10-21', b'0'),
('C20231021036', 'NV036', b'1', '2023-10-21', b'0'),
('C20231021037', 'NV037', b'1', '2023-10-21', b'0'),
('C20231022001', 'NV001', b'0', '2023-10-22', b'0'),
('C20231022002', 'NV002', b'0', '2023-10-22', b'0'),
('C20231022003', 'NV003', b'0', '2023-10-22', b'0'),
('C20231022004', 'NV004', b'0', '2023-10-22', b'0'),
('C20231022005', 'NV005', b'0', '2023-10-22', b'0'),
('C20231022006', 'NV006', b'1', '2023-10-22', b'0'),
('C20231022007', 'NV007', b'0', '2023-10-22', b'0'),
('C20231022008', 'NV008', b'0', '2023-10-22', b'0'),
('C20231022009', 'NV009', b'0', '2023-10-22', b'0'),
('C20231022010', 'NV010', b'0', '2023-10-22', b'0'),
('C20231022011', 'NV011', b'0', '2023-10-22', b'0'),
('C20231022012', 'NV012', b'1', '2023-10-22', b'0'),
('C20231022013', 'NV013', b'0', '2023-10-22', b'0'),
('C20231022014', 'NV014', b'0', '2023-10-22', b'0'),
('C20231022015', 'NV015', b'0', '2023-10-22', b'0'),
('C20231022016', 'NV016', b'0', '2023-10-22', b'0'),
('C20231022017', 'NV017', b'0', '2023-10-22', b'0'),
('C20231022018', 'NV018', b'1', '2023-10-22', b'0'),
('C20231022019', 'NV019', b'0', '2023-10-22', b'0'),
('C20231022020', 'NV020', b'0', '2023-10-22', b'0'),
('C20231022021', 'NV021', b'0', '2023-10-22', b'0'),
('C20231022022', 'NV022', b'1', '2023-10-22', b'0'),
('C20231022023', 'NV023', b'0', '2023-10-22', b'0'),
('C20231022024', 'NV024', b'0', '2023-10-22', b'0'),
('C20231022025', 'NV025', b'0', '2023-10-22', b'0'),
('C20231022026', 'NV026', b'0', '2023-10-22', b'0'),
('C20231022027', 'NV027', b'0', '2023-10-22', b'0'),
('C20231022028', 'NV028', b'0', '2023-10-22', b'0'),
('C20231022029', 'NV029', b'0', '2023-10-22', b'0'),
('C20231022030', 'NV030', b'0', '2023-10-22', b'0'),
('C20231022031', 'NV031', b'0', '2023-10-22', b'0'),
('C20231022032', 'NV032', b'0', '2023-10-22', b'0'),
('C20231022033', 'NV033', b'0', '2023-10-22', b'0'),
('C20231022034', 'NV034', b'0', '2023-10-22', b'0'),
('C20231022035', 'NV035', b'0', '2023-10-22', b'0'),
('C20231022036', 'NV036', b'1', '2023-10-22', b'0'),
('C20231022037', 'NV037', b'0', '2023-10-22', b'0'),
('C20231023001', 'NV001', b'1', '2023-10-23', b'0'),
('C20231023002', 'NV002', b'1', '2023-10-23', b'0'),
('C20231023003', 'NV003', b'1', '2023-10-23', b'0'),
('C20231023004', 'NV004', b'1', '2023-10-23', b'0'),
('C20231023005', 'NV005', b'1', '2023-10-23', b'0'),
('C20231023006', 'NV006', b'1', '2023-10-23', b'0'),
('C20231023007', 'NV007', b'1', '2023-10-23', b'0'),
('C20231023008', 'NV008', b'1', '2023-10-23', b'0'),
('C20231023009', 'NV009', b'1', '2023-10-23', b'0'),
('C20231023010', 'NV010', b'1', '2023-10-23', b'0'),
('C20231023011', 'NV011', b'1', '2023-10-23', b'0'),
('C20231023012', 'NV012', b'1', '2023-10-23', b'0'),
('C20231023013', 'NV013', b'1', '2023-10-23', b'0'),
('C20231023014', 'NV014', b'1', '2023-10-23', b'0'),
('C20231023015', 'NV015', b'1', '2023-10-23', b'0'),
('C20231023016', 'NV016', b'1', '2023-10-23', b'0'),
('C20231023017', 'NV017', b'1', '2023-10-23', b'0'),
('C20231023018', 'NV018', b'1', '2023-10-23', b'0'),
('C20231023019', 'NV019', b'1', '2023-10-23', b'0'),
('C20231023020', 'NV020', b'1', '2023-10-23', b'0'),
('C20231023021', 'NV021', b'1', '2023-10-23', b'0'),
('C20231023022', 'NV022', b'1', '2023-10-23', b'0'),
('C20231023023', 'NV023', b'1', '2023-10-23', b'0'),
('C20231023024', 'NV024', b'1', '2023-10-23', b'0'),
('C20231023025', 'NV025', b'1', '2023-10-23', b'0'),
('C20231023026', 'NV026', b'1', '2023-10-23', b'0'),
('C20231023027', 'NV027', b'1', '2023-10-23', b'0'),
('C20231023028', 'NV028', b'1', '2023-10-23', b'0'),
('C20231023029', 'NV029', b'1', '2023-10-23', b'0'),
('C20231023030', 'NV030', b'1', '2023-10-23', b'0'),
('C20231023031', 'NV031', b'1', '2023-10-23', b'0'),
('C20231023032', 'NV032', b'1', '2023-10-23', b'0'),
('C20231023033', 'NV033', b'1', '2023-10-23', b'0'),
('C20231023034', 'NV034', b'1', '2023-10-23', b'0'),
('C20231023035', 'NV035', b'1', '2023-10-23', b'0'),
('C20231023036', 'NV036', b'1', '2023-10-23', b'0'),
('C20231023037', 'NV037', b'1', '2023-10-23', b'0'),
('C20231024001', 'NV001', b'1', '2023-10-24', b'0'),
('C20231024002', 'NV002', b'1', '2023-10-24', b'0'),
('C20231024003', 'NV003', b'1', '2023-10-24', b'0'),
('C20231024004', 'NV004', b'1', '2023-10-24', b'0'),
('C20231024005', 'NV005', b'1', '2023-10-24', b'0'),
('C20231024006', 'NV006', b'1', '2023-10-24', b'0'),
('C20231024007', 'NV007', b'1', '2023-10-24', b'0'),
('C20231024008', 'NV008', b'1', '2023-10-24', b'0'),
('C20231024009', 'NV009', b'1', '2023-10-24', b'0'),
('C20231024010', 'NV010', b'1', '2023-10-24', b'0'),
('C20231024011', 'NV011', b'1', '2023-10-24', b'0'),
('C20231024012', 'NV012', b'1', '2023-10-24', b'0'),
('C20231024013', 'NV013', b'1', '2023-10-24', b'0'),
('C20231024014', 'NV014', b'1', '2023-10-24', b'0'),
('C20231024015', 'NV015', b'1', '2023-10-24', b'0'),
('C20231024016', 'NV016', b'1', '2023-10-24', b'0'),
('C20231024017', 'NV017', b'1', '2023-10-24', b'0'),
('C20231024018', 'NV018', b'1', '2023-10-24', b'0'),
('C20231024019', 'NV019', b'1', '2023-10-24', b'0'),
('C20231024020', 'NV020', b'1', '2023-10-24', b'0'),
('C20231024021', 'NV021', b'1', '2023-10-24', b'0'),
('C20231024022', 'NV022', b'1', '2023-10-24', b'0'),
('C20231024023', 'NV023', b'1', '2023-10-24', b'0'),
('C20231024024', 'NV024', b'1', '2023-10-24', b'0'),
('C20231024025', 'NV025', b'1', '2023-10-24', b'0'),
('C20231024026', 'NV026', b'1', '2023-10-24', b'0'),
('C20231024027', 'NV027', b'1', '2023-10-24', b'0'),
('C20231024028', 'NV028', b'1', '2023-10-24', b'0'),
('C20231024029', 'NV029', b'1', '2023-10-24', b'0'),
('C20231024030', 'NV030', b'1', '2023-10-24', b'0'),
('C20231024031', 'NV031', b'1', '2023-10-24', b'0'),
('C20231024032', 'NV032', b'1', '2023-10-24', b'0'),
('C20231024033', 'NV033', b'1', '2023-10-24', b'0'),
('C20231024034', 'NV034', b'1', '2023-10-24', b'0'),
('C20231024035', 'NV035', b'1', '2023-10-24', b'0'),
('C20231024036', 'NV036', b'1', '2023-10-24', b'0'),
('C20231024037', 'NV037', b'1', '2023-10-24', b'0'),
('C20231025001', 'NV001', b'1', '2023-10-25', b'0'),
('C20231025002', 'NV002', b'1', '2023-10-25', b'0'),
('C20231025003', 'NV003', b'1', '2023-10-25', b'0'),
('C20231025004', 'NV004', b'1', '2023-10-25', b'0'),
('C20231025005', 'NV005', b'1', '2023-10-25', b'0'),
('C20231025006', 'NV006', b'1', '2023-10-25', b'0'),
('C20231025007', 'NV007', b'1', '2023-10-25', b'0'),
('C20231025008', 'NV008', b'1', '2023-10-25', b'0'),
('C20231025009', 'NV009', b'1', '2023-10-25', b'0'),
('C20231025010', 'NV010', b'1', '2023-10-25', b'0'),
('C20231025011', 'NV011', b'1', '2023-10-25', b'0'),
('C20231025012', 'NV012', b'1', '2023-10-25', b'0'),
('C20231025013', 'NV013', b'1', '2023-10-25', b'0'),
('C20231025014', 'NV014', b'1', '2023-10-25', b'0'),
('C20231025015', 'NV015', b'1', '2023-10-25', b'0'),
('C20231025016', 'NV016', b'1', '2023-10-25', b'0'),
('C20231025017', 'NV017', b'1', '2023-10-25', b'0'),
('C20231025018', 'NV018', b'1', '2023-10-25', b'0'),
('C20231025019', 'NV019', b'1', '2023-10-25', b'0'),
('C20231025020', 'NV020', b'1', '2023-10-25', b'0'),
('C20231025021', 'NV021', b'1', '2023-10-25', b'0'),
('C20231025022', 'NV022', b'1', '2023-10-25', b'0'),
('C20231025023', 'NV023', b'1', '2023-10-25', b'0'),
('C20231025024', 'NV024', b'1', '2023-10-25', b'0'),
('C20231025025', 'NV025', b'1', '2023-10-25', b'0'),
('C20231025026', 'NV026', b'1', '2023-10-25', b'0'),
('C20231025027', 'NV027', b'1', '2023-10-25', b'0'),
('C20231025028', 'NV028', b'1', '2023-10-25', b'0'),
('C20231025029', 'NV029', b'1', '2023-10-25', b'0'),
('C20231025030', 'NV030', b'1', '2023-10-25', b'0'),
('C20231025031', 'NV031', b'1', '2023-10-25', b'0'),
('C20231025032', 'NV032', b'1', '2023-10-25', b'0'),
('C20231025033', 'NV033', b'1', '2023-10-25', b'0'),
('C20231025034', 'NV034', b'1', '2023-10-25', b'0'),
('C20231025035', 'NV035', b'1', '2023-10-25', b'0'),
('C20231025036', 'NV036', b'1', '2023-10-25', b'0'),
('C20231025037', 'NV037', b'1', '2023-10-25', b'0'),
('C20231026001', 'NV001', b'1', '2023-10-26', b'0'),
('C20231026002', 'NV002', b'1', '2023-10-26', b'0'),
('C20231026003', 'NV003', b'1', '2023-10-26', b'0'),
('C20231026004', 'NV004', b'1', '2023-10-26', b'0'),
('C20231026005', 'NV005', b'1', '2023-10-26', b'0'),
('C20231026006', 'NV006', b'1', '2023-10-26', b'0'),
('C20231026007', 'NV007', b'1', '2023-10-26', b'0'),
('C20231026008', 'NV008', b'1', '2023-10-26', b'0'),
('C20231026009', 'NV009', b'1', '2023-10-26', b'0'),
('C20231026010', 'NV010', b'1', '2023-10-26', b'0'),
('C20231026011', 'NV011', b'1', '2023-10-26', b'0'),
('C20231026012', 'NV012', b'1', '2023-10-26', b'0'),
('C20231026013', 'NV013', b'1', '2023-10-26', b'0'),
('C20231026014', 'NV014', b'1', '2023-10-26', b'0'),
('C20231026015', 'NV015', b'1', '2023-10-26', b'0'),
('C20231026016', 'NV016', b'1', '2023-10-26', b'0'),
('C20231026017', 'NV017', b'1', '2023-10-26', b'0'),
('C20231026018', 'NV018', b'1', '2023-10-26', b'0'),
('C20231026019', 'NV019', b'1', '2023-10-26', b'0'),
('C20231026020', 'NV020', b'1', '2023-10-26', b'0'),
('C20231026021', 'NV021', b'1', '2023-10-26', b'0'),
('C20231026022', 'NV022', b'1', '2023-10-26', b'0'),
('C20231026023', 'NV023', b'1', '2023-10-26', b'0'),
('C20231026024', 'NV024', b'1', '2023-10-26', b'0'),
('C20231026025', 'NV025', b'1', '2023-10-26', b'0'),
('C20231026026', 'NV026', b'1', '2023-10-26', b'0'),
('C20231026027', 'NV027', b'1', '2023-10-26', b'0'),
('C20231026028', 'NV028', b'1', '2023-10-26', b'0'),
('C20231026029', 'NV029', b'1', '2023-10-26', b'0'),
('C20231026030', 'NV030', b'1', '2023-10-26', b'0'),
('C20231026031', 'NV031', b'1', '2023-10-26', b'0'),
('C20231026032', 'NV032', b'1', '2023-10-26', b'0'),
('C20231026033', 'NV033', b'1', '2023-10-26', b'0'),
('C20231026034', 'NV034', b'1', '2023-10-26', b'0'),
('C20231026035', 'NV035', b'1', '2023-10-26', b'0'),
('C20231026036', 'NV036', b'1', '2023-10-26', b'0'),
('C20231026037', 'NV037', b'1', '2023-10-26', b'0'),
('C20231027001', 'NV001', b'1', '2023-10-27', b'0'),
('C20231027002', 'NV002', b'1', '2023-10-27', b'0'),
('C20231027003', 'NV003', b'1', '2023-10-27', b'0'),
('C20231027004', 'NV004', b'1', '2023-10-27', b'0'),
('C20231027005', 'NV005', b'1', '2023-10-27', b'0'),
('C20231027006', 'NV006', b'1', '2023-10-27', b'0'),
('C20231027007', 'NV007', b'1', '2023-10-27', b'0'),
('C20231027008', 'NV008', b'1', '2023-10-27', b'0'),
('C20231027009', 'NV009', b'1', '2023-10-27', b'0'),
('C20231027010', 'NV010', b'1', '2023-10-27', b'0'),
('C20231027011', 'NV011', b'1', '2023-10-27', b'0'),
('C20231027012', 'NV012', b'1', '2023-10-27', b'0'),
('C20231027013', 'NV013', b'1', '2023-10-27', b'0'),
('C20231027014', 'NV014', b'1', '2023-10-27', b'0'),
('C20231027015', 'NV015', b'1', '2023-10-27', b'0'),
('C20231027016', 'NV016', b'1', '2023-10-27', b'0'),
('C20231027017', 'NV017', b'1', '2023-10-27', b'0'),
('C20231027018', 'NV018', b'1', '2023-10-27', b'0'),
('C20231027019', 'NV019', b'1', '2023-10-27', b'0'),
('C20231027020', 'NV020', b'1', '2023-10-27', b'0'),
('C20231027021', 'NV021', b'1', '2023-10-27', b'0'),
('C20231027022', 'NV022', b'1', '2023-10-27', b'0'),
('C20231027023', 'NV023', b'1', '2023-10-27', b'0'),
('C20231027024', 'NV024', b'1', '2023-10-27', b'0'),
('C20231027025', 'NV025', b'1', '2023-10-27', b'0'),
('C20231027026', 'NV026', b'1', '2023-10-27', b'0'),
('C20231027027', 'NV027', b'1', '2023-10-27', b'0'),
('C20231027028', 'NV028', b'1', '2023-10-27', b'0'),
('C20231027029', 'NV029', b'1', '2023-10-27', b'0'),
('C20231027030', 'NV030', b'1', '2023-10-27', b'0'),
('C20231027031', 'NV031', b'1', '2023-10-27', b'0'),
('C20231027032', 'NV032', b'1', '2023-10-27', b'0'),
('C20231027033', 'NV033', b'1', '2023-10-27', b'0'),
('C20231027034', 'NV034', b'1', '2023-10-27', b'0'),
('C20231027035', 'NV035', b'1', '2023-10-27', b'0'),
('C20231027036', 'NV036', b'1', '2023-10-27', b'0'),
('C20231027037', 'NV037', b'1', '2023-10-27', b'0'),
('C20231028001', 'NV001', b'1', '2023-10-28', b'0'),
('C20231028002', 'NV002', b'1', '2023-10-28', b'0'),
('C20231028003', 'NV003', b'1', '2023-10-28', b'0'),
('C20231028004', 'NV004', b'1', '2023-10-28', b'0'),
('C20231028005', 'NV005', b'0', '2023-10-28', b'0'),
('C20231028006', 'NV006', b'1', '2023-10-28', b'0'),
('C20231028007', 'NV007', b'1', '2023-10-28', b'0'),
('C20231028008', 'NV008', b'1', '2023-10-28', b'0'),
('C20231028009', 'NV009', b'1', '2023-10-28', b'0'),
('C20231028010', 'NV010', b'1', '2023-10-28', b'0'),
('C20231028011', 'NV011', b'0', '2023-10-28', b'0'),
('C20231028012', 'NV012', b'1', '2023-10-28', b'0'),
('C20231028013', 'NV013', b'1', '2023-10-28', b'0'),
('C20231028014', 'NV014', b'1', '2023-10-28', b'0'),
('C20231028015', 'NV015', b'1', '2023-10-28', b'0'),
('C20231028016', 'NV016', b'1', '2023-10-28', b'0'),
('C20231028017', 'NV017', b'1', '2023-10-28', b'0'),
('C20231028018', 'NV018', b'1', '2023-10-28', b'0'),
('C20231028019', 'NV019', b'1', '2023-10-28', b'0'),
('C20231028020', 'NV020', b'1', '2023-10-28', b'0'),
('C20231028021', 'NV021', b'0', '2023-10-28', b'0'),
('C20231028022', 'NV022', b'1', '2023-10-28', b'0'),
('C20231028023', 'NV023', b'1', '2023-10-28', b'0'),
('C20231028024', 'NV024', b'1', '2023-10-28', b'0'),
('C20231028025', 'NV025', b'0', '2023-10-28', b'0'),
('C20231028026', 'NV026', b'1', '2023-10-28', b'0'),
('C20231028027', 'NV027', b'1', '2023-10-28', b'0'),
('C20231028028', 'NV028', b'1', '2023-10-28', b'0'),
('C20231028029', 'NV029', b'1', '2023-10-28', b'0'),
('C20231028030', 'NV030', b'1', '2023-10-28', b'0'),
('C20231028031', 'NV031', b'0', '2023-10-28', b'0'),
('C20231028032', 'NV032', b'1', '2023-10-28', b'0'),
('C20231028033', 'NV033', b'1', '2023-10-28', b'0'),
('C20231028034', 'NV034', b'0', '2023-10-28', b'0'),
('C20231028035', 'NV035', b'1', '2023-10-28', b'0'),
('C20231028036', 'NV036', b'1', '2023-10-28', b'0'),
('C20231028037', 'NV037', b'1', '2023-10-28', b'0'),
('C20231029001', 'NV001', b'0', '2023-10-29', b'0'),
('C20231029002', 'NV002', b'0', '2023-10-29', b'0'),
('C20231029003', 'NV003', b'0', '2023-10-29', b'0'),
('C20231029004', 'NV004', b'0', '2023-10-29', b'0'),
('C20231029005', 'NV005', b'0', '2023-10-29', b'0'),
('C20231029006', 'NV006', b'0', '2023-10-29', b'0'),
('C20231029007', 'NV007', b'0', '2023-10-29', b'0'),
('C20231029008', 'NV008', b'0', '2023-10-29', b'0'),
('C20231029009', 'NV009', b'0', '2023-10-29', b'0'),
('C20231029010', 'NV010', b'0', '2023-10-29', b'0'),
('C20231029011', 'NV011', b'0', '2023-10-29', b'0'),
('C20231029012', 'NV012', b'0', '2023-10-29', b'0'),
('C20231029013', 'NV013', b'0', '2023-10-29', b'0'),
('C20231029014', 'NV014', b'0', '2023-10-29', b'0'),
('C20231029015', 'NV015', b'0', '2023-10-29', b'0'),
('C20231029016', 'NV016', b'0', '2023-10-29', b'0'),
('C20231029017', 'NV017', b'0', '2023-10-29', b'0'),
('C20231029018', 'NV018', b'0', '2023-10-29', b'0'),
('C20231029019', 'NV019', b'0', '2023-10-29', b'0'),
('C20231029020', 'NV020', b'0', '2023-10-29', b'0'),
('C20231029021', 'NV021', b'0', '2023-10-29', b'0'),
('C20231029022', 'NV022', b'0', '2023-10-29', b'0'),
('C20231029023', 'NV023', b'0', '2023-10-29', b'0'),
('C20231029024', 'NV024', b'0', '2023-10-29', b'0'),
('C20231029025', 'NV025', b'0', '2023-10-29', b'0'),
('C20231029026', 'NV026', b'0', '2023-10-29', b'0'),
('C20231029027', 'NV027', b'0', '2023-10-29', b'0'),
('C20231029028', 'NV028', b'0', '2023-10-29', b'0'),
('C20231029029', 'NV029', b'0', '2023-10-29', b'0'),
('C20231029030', 'NV030', b'0', '2023-10-29', b'0'),
('C20231029031', 'NV031', b'0', '2023-10-29', b'0'),
('C20231029032', 'NV032', b'0', '2023-10-29', b'0'),
('C20231029033', 'NV033', b'0', '2023-10-29', b'0'),
('C20231029034', 'NV034', b'0', '2023-10-29', b'0'),
('C20231029035', 'NV035', b'0', '2023-10-29', b'0'),
('C20231029036', 'NV036', b'0', '2023-10-29', b'0'),
('C20231029037', 'NV037', b'0', '2023-10-29', b'0'),
('C20231030001', 'NV001', b'1', '2023-10-30', b'0'),
('C20231030002', 'NV002', b'1', '2023-10-30', b'0'),
('C20231030003', 'NV003', b'1', '2023-10-30', b'0'),
('C20231030004', 'NV004', b'1', '2023-10-30', b'0'),
('C20231030005', 'NV005', b'1', '2023-10-30', b'0'),
('C20231030006', 'NV006', b'1', '2023-10-30', b'0'),
('C20231030007', 'NV007', b'1', '2023-10-30', b'0'),
('C20231030008', 'NV008', b'1', '2023-10-30', b'0'),
('C20231030009', 'NV009', b'1', '2023-10-30', b'0'),
('C20231030010', 'NV010', b'1', '2023-10-30', b'0'),
('C20231030011', 'NV011', b'1', '2023-10-30', b'0'),
('C20231030012', 'NV012', b'1', '2023-10-30', b'0'),
('C20231030013', 'NV013', b'1', '2023-10-30', b'0'),
('C20231030014', 'NV014', b'1', '2023-10-30', b'0'),
('C20231030015', 'NV015', b'1', '2023-10-30', b'0'),
('C20231030016', 'NV016', b'1', '2023-10-30', b'0'),
('C20231030017', 'NV017', b'1', '2023-10-30', b'0'),
('C20231030018', 'NV018', b'1', '2023-10-30', b'0'),
('C20231030019', 'NV019', b'1', '2023-10-30', b'0'),
('C20231030020', 'NV020', b'1', '2023-10-30', b'0'),
('C20231030021', 'NV021', b'1', '2023-10-30', b'0'),
('C20231030022', 'NV022', b'1', '2023-10-30', b'0'),
('C20231030023', 'NV023', b'1', '2023-10-30', b'0'),
('C20231030024', 'NV024', b'1', '2023-10-30', b'0'),
('C20231030025', 'NV025', b'1', '2023-10-30', b'0'),
('C20231030026', 'NV026', b'1', '2023-10-30', b'0'),
('C20231030027', 'NV027', b'1', '2023-10-30', b'0'),
('C20231030028', 'NV028', b'1', '2023-10-30', b'0'),
('C20231030029', 'NV029', b'1', '2023-10-30', b'0'),
('C20231030030', 'NV030', b'1', '2023-10-30', b'0'),
('C20231030031', 'NV031', b'1', '2023-10-30', b'0'),
('C20231030032', 'NV032', b'1', '2023-10-30', b'0'),
('C20231030033', 'NV033', b'1', '2023-10-30', b'0'),
('C20231030034', 'NV034', b'1', '2023-10-30', b'0'),
('C20231030035', 'NV035', b'1', '2023-10-30', b'0'),
('C20231030036', 'NV036', b'1', '2023-10-30', b'0'),
('C20231030037', 'NV037', b'1', '2023-10-30', b'0'),
('C20231031001', 'NV001', b'1', '2023-10-31', b'0'),
('C20231031002', 'NV002', b'1', '2023-10-31', b'0'),
('C20231031003', 'NV003', b'1', '2023-10-31', b'0'),
('C20231031004', 'NV004', b'1', '2023-10-31', b'0'),
('C20231031005', 'NV005', b'1', '2023-10-31', b'0'),
('C20231031006', 'NV006', b'1', '2023-10-31', b'0'),
('C20231031007', 'NV007', b'1', '2023-10-31', b'0'),
('C20231031008', 'NV008', b'1', '2023-10-31', b'0'),
('C20231031009', 'NV009', b'1', '2023-10-31', b'0'),
('C20231031010', 'NV010', b'1', '2023-10-31', b'0'),
('C20231031011', 'NV011', b'1', '2023-10-31', b'0'),
('C20231031012', 'NV012', b'1', '2023-10-31', b'0'),
('C20231031013', 'NV013', b'1', '2023-10-31', b'0'),
('C20231031014', 'NV014', b'1', '2023-10-31', b'0'),
('C20231031015', 'NV015', b'1', '2023-10-31', b'0'),
('C20231031016', 'NV016', b'1', '2023-10-31', b'0'),
('C20231031017', 'NV017', b'0', '2023-10-31', b'0'),
('C20231031018', 'NV018', b'1', '2023-10-31', b'0'),
('C20231031019', 'NV019', b'1', '2023-10-31', b'0'),
('C20231031020', 'NV020', b'1', '2023-10-31', b'0'),
('C20231031021', 'NV021', b'1', '2023-10-31', b'0'),
('C20231031022', 'NV022', b'1', '2023-10-31', b'0'),
('C20231031023', 'NV023', b'1', '2023-10-31', b'0'),
('C20231031024', 'NV024', b'1', '2023-10-31', b'0'),
('C20231031025', 'NV025', b'0', '2023-10-31', b'0'),
('C20231031026', 'NV026', b'1', '2023-10-31', b'0'),
('C20231031027', 'NV027', b'1', '2023-10-31', b'0'),
('C20231031028', 'NV028', b'1', '2023-10-31', b'0'),
('C20231031029', 'NV029', b'1', '2023-10-31', b'0'),
('C20231031030', 'NV030', b'1', '2023-10-31', b'0'),
('C20231031031', 'NV031', b'1', '2023-10-31', b'0'),
('C20231031032', 'NV032', b'1', '2023-10-31', b'0'),
('C20231031033', 'NV033', b'1', '2023-10-31', b'0'),
('C20231031034', 'NV034', b'1', '2023-10-31', b'0'),
('C20231031035', 'NV035', b'1', '2023-10-31', b'0'),
('C20231031036', 'NV036', b'1', '2023-10-31', b'0'),
('C20231031037', 'NV037', b'1', '2023-10-31', b'0'),
('C20231101001', 'NV001', b'1', '2023-11-01', b'0'),
('C20231101002', 'NV002', b'1', '2023-11-01', b'0'),
('C20231101003', 'NV003', b'1', '2023-11-01', b'0'),
('C20231101004', 'NV004', b'1', '2023-11-01', b'0'),
('C20231101005', 'NV005', b'1', '2023-11-01', b'0'),
('C20231101006', 'NV006', b'1', '2023-11-01', b'0'),
('C20231101007', 'NV007', b'1', '2023-11-01', b'0'),
('C20231101008', 'NV008', b'1', '2023-11-01', b'0'),
('C20231101009', 'NV009', b'1', '2023-11-01', b'0'),
('C20231101010', 'NV010', b'1', '2023-11-01', b'0'),
('C20231101011', 'NV011', b'1', '2023-11-01', b'0'),
('C20231101012', 'NV012', b'1', '2023-11-01', b'0'),
('C20231101013', 'NV013', b'1', '2023-11-01', b'0'),
('C20231101014', 'NV014', b'1', '2023-11-01', b'0'),
('C20231101015', 'NV015', b'1', '2023-11-01', b'0'),
('C20231101016', 'NV016', b'1', '2023-11-01', b'0'),
('C20231101017', 'NV017', b'1', '2023-11-01', b'0'),
('C20231101018', 'NV018', b'1', '2023-11-01', b'0'),
('C20231101019', 'NV019', b'1', '2023-11-01', b'0'),
('C20231101020', 'NV020', b'1', '2023-11-01', b'0'),
('C20231101021', 'NV021', b'1', '2023-11-01', b'0'),
('C20231101022', 'NV022', b'1', '2023-11-01', b'0'),
('C20231101023', 'NV023', b'1', '2023-11-01', b'0'),
('C20231101024', 'NV024', b'1', '2023-11-01', b'0'),
('C20231101025', 'NV025', b'1', '2023-11-01', b'0'),
('C20231101026', 'NV026', b'1', '2023-11-01', b'0'),
('C20231101027', 'NV027', b'1', '2023-11-01', b'0'),
('C20231101028', 'NV028', b'1', '2023-11-01', b'0'),
('C20231101029', 'NV029', b'1', '2023-11-01', b'0'),
('C20231101030', 'NV030', b'1', '2023-11-01', b'0'),
('C20231101031', 'NV031', b'1', '2023-11-01', b'0'),
('C20231101032', 'NV032', b'1', '2023-11-01', b'0'),
('C20231101033', 'NV033', b'1', '2023-11-01', b'0'),
('C20231101034', 'NV034', b'1', '2023-11-01', b'0'),
('C20231101035', 'NV035', b'1', '2023-11-01', b'0'),
('C20231101036', 'NV036', b'1', '2023-11-01', b'0'),
('C20231101037', 'NV037', b'1', '2023-11-01', b'0'),
('C20231102001', 'NV001', b'0', '2023-11-02', b'0'),
('C20231102002', 'NV002', b'1', '2023-11-02', b'0'),
('C20231102003', 'NV003', b'1', '2023-11-02', b'0'),
('C20231102004', 'NV004', b'0', '2023-11-02', b'0'),
('C20231102005', 'NV005', b'1', '2023-11-02', b'0'),
('C20231102006', 'NV006', b'1', '2023-11-02', b'0'),
('C20231102007', 'NV007', b'1', '2023-11-02', b'0'),
('C20231102008', 'NV008', b'1', '2023-11-02', b'0'),
('C20231102009', 'NV009', b'1', '2023-11-02', b'0'),
('C20231102010', 'NV010', b'1', '2023-11-02', b'0'),
('C20231102011', 'NV011', b'1', '2023-11-02', b'0'),
('C20231102012', 'NV012', b'1', '2023-11-02', b'0'),
('C20231102013', 'NV013', b'1', '2023-11-02', b'0'),
('C20231102014', 'NV014', b'1', '2023-11-02', b'0'),
('C20231102015', 'NV015', b'1', '2023-11-02', b'0'),
('C20231102016', 'NV016', b'1', '2023-11-02', b'0'),
('C20231102017', 'NV017', b'1', '2023-11-02', b'0'),
('C20231102018', 'NV018', b'1', '2023-11-02', b'0'),
('C20231102019', 'NV019', b'1', '2023-11-02', b'0'),
('C20231102020', 'NV020', b'1', '2023-11-02', b'0'),
('C20231102021', 'NV021', b'1', '2023-11-02', b'0'),
('C20231102022', 'NV022', b'1', '2023-11-02', b'0'),
('C20231102023', 'NV023', b'1', '2023-11-02', b'0'),
('C20231102024', 'NV024', b'1', '2023-11-02', b'0'),
('C20231102025', 'NV025', b'1', '2023-11-02', b'0'),
('C20231102026', 'NV026', b'1', '2023-11-02', b'0'),
('C20231102027', 'NV027', b'1', '2023-11-02', b'0'),
('C20231102028', 'NV028', b'1', '2023-11-02', b'0'),
('C20231102029', 'NV029', b'1', '2023-11-02', b'0'),
('C20231102030', 'NV030', b'1', '2023-11-02', b'0'),
('C20231102031', 'NV031', b'1', '2023-11-02', b'0'),
('C20231102032', 'NV032', b'1', '2023-11-02', b'0'),
('C20231102033', 'NV033', b'1', '2023-11-02', b'0'),
('C20231102034', 'NV034', b'1', '2023-11-02', b'0'),
('C20231102035', 'NV035', b'1', '2023-11-02', b'0'),
('C20231102036', 'NV036', b'1', '2023-11-02', b'0'),
('C20231102037', 'NV037', b'1', '2023-11-02', b'0'),
('C20231103001', 'NV001', b'1', '2023-11-03', b'0'),
('C20231103002', 'NV002', b'1', '2023-11-03', b'0'),
('C20231103003', 'NV003', b'1', '2023-11-03', b'0'),
('C20231103004', 'NV004', b'1', '2023-11-03', b'0'),
('C20231103005', 'NV005', b'1', '2023-11-03', b'0'),
('C20231103006', 'NV006', b'1', '2023-11-03', b'0'),
('C20231103007', 'NV007', b'1', '2023-11-03', b'0'),
('C20231103008', 'NV008', b'1', '2023-11-03', b'0'),
('C20231103009', 'NV009', b'1', '2023-11-03', b'0'),
('C20231103010', 'NV010', b'1', '2023-11-03', b'0'),
('C20231103011', 'NV011', b'1', '2023-11-03', b'0'),
('C20231103012', 'NV012', b'1', '2023-11-03', b'0'),
('C20231103013', 'NV013', b'1', '2023-11-03', b'0'),
('C20231103014', 'NV014', b'1', '2023-11-03', b'0'),
('C20231103015', 'NV015', b'1', '2023-11-03', b'0'),
('C20231103016', 'NV016', b'1', '2023-11-03', b'0'),
('C20231103017', 'NV017', b'1', '2023-11-03', b'0'),
('C20231103018', 'NV018', b'1', '2023-11-03', b'0'),
('C20231103019', 'NV019', b'1', '2023-11-03', b'0'),
('C20231103020', 'NV020', b'1', '2023-11-03', b'0'),
('C20231103021', 'NV021', b'1', '2023-11-03', b'0'),
('C20231103022', 'NV022', b'1', '2023-11-03', b'0'),
('C20231103023', 'NV023', b'1', '2023-11-03', b'0'),
('C20231103024', 'NV024', b'1', '2023-11-03', b'0'),
('C20231103025', 'NV025', b'1', '2023-11-03', b'0'),
('C20231103026', 'NV026', b'1', '2023-11-03', b'0'),
('C20231103027', 'NV027', b'1', '2023-11-03', b'0'),
('C20231103028', 'NV028', b'1', '2023-11-03', b'0'),
('C20231103029', 'NV029', b'1', '2023-11-03', b'0'),
('C20231103030', 'NV030', b'1', '2023-11-03', b'0'),
('C20231103031', 'NV031', b'1', '2023-11-03', b'0'),
('C20231103032', 'NV032', b'1', '2023-11-03', b'0'),
('C20231103033', 'NV033', b'1', '2023-11-03', b'0'),
('C20231103034', 'NV034', b'1', '2023-11-03', b'0'),
('C20231103035', 'NV035', b'1', '2023-11-03', b'0'),
('C20231103036', 'NV036', b'1', '2023-11-03', b'0'),
('C20231103037', 'NV037', b'1', '2023-11-03', b'0'),
('C20231104001', 'NV001', b'1', '2023-11-04', b'0'),
('C20231104002', 'NV002', b'1', '2023-11-04', b'0'),
('C20231104003', 'NV003', b'1', '2023-11-04', b'0'),
('C20231104004', 'NV004', b'1', '2023-11-04', b'0'),
('C20231104005', 'NV005', b'1', '2023-11-04', b'0'),
('C20231104006', 'NV006', b'1', '2023-11-04', b'0'),
('C20231104007', 'NV007', b'1', '2023-11-04', b'0'),
('C20231104008', 'NV008', b'1', '2023-11-04', b'0'),
('C20231104009', 'NV009', b'1', '2023-11-04', b'0'),
('C20231104010', 'NV010', b'1', '2023-11-04', b'0'),
('C20231104011', 'NV011', b'0', '2023-11-04', b'0'),
('C20231104012', 'NV012', b'1', '2023-11-04', b'0'),
('C20231104013', 'NV013', b'1', '2023-11-04', b'0'),
('C20231104014', 'NV014', b'1', '2023-11-04', b'0'),
('C20231104015', 'NV015', b'1', '2023-11-04', b'0'),
('C20231104016', 'NV016', b'0', '2023-11-04', b'0'),
('C20231104017', 'NV017', b'1', '2023-11-04', b'0'),
('C20231104018', 'NV018', b'1', '2023-11-04', b'0'),
('C20231104019', 'NV019', b'1', '2023-11-04', b'0'),
('C20231104020', 'NV020', b'1', '2023-11-04', b'0'),
('C20231104021', 'NV021', b'1', '2023-11-04', b'0'),
('C20231104022', 'NV022', b'1', '2023-11-04', b'0'),
('C20231104023', 'NV023', b'1', '2023-11-04', b'0'),
('C20231104024', 'NV024', b'1', '2023-11-04', b'0'),
('C20231104025', 'NV025', b'0', '2023-11-04', b'0'),
('C20231104026', 'NV026', b'1', '2023-11-04', b'0'),
('C20231104027', 'NV027', b'1', '2023-11-04', b'0'),
('C20231104028', 'NV028', b'1', '2023-11-04', b'0'),
('C20231104029', 'NV029', b'1', '2023-11-04', b'0'),
('C20231104030', 'NV030', b'1', '2023-11-04', b'0'),
('C20231104031', 'NV031', b'1', '2023-11-04', b'0'),
('C20231104032', 'NV032', b'1', '2023-11-04', b'0'),
('C20231104033', 'NV033', b'1', '2023-11-04', b'0'),
('C20231104034', 'NV034', b'1', '2023-11-04', b'0'),
('C20231104035', 'NV035', b'1', '2023-11-04', b'0'),
('C20231104036', 'NV036', b'1', '2023-11-04', b'0'),
('C20231104037', 'NV037', b'1', '2023-11-04', b'0'),
('C20231105001', 'NV001', b'1', '2023-11-05', b'0'),
('C20231105002', 'NV002', b'0', '2023-11-05', b'1'),
('C20231105003', 'NV003', b'1', '2023-11-05', b'0'),
('C20231105004', 'NV004', b'0', '2023-11-05', b'0'),
('C20231105005', 'NV005', b'0', '2023-11-05', b'0'),
('C20231105006', 'NV006', b'0', '2023-11-05', b'0'),
('C20231105007', 'NV007', b'0', '2023-11-05', b'0'),
('C20231105008', 'NV008', b'0', '2023-11-05', b'0'),
('C20231105009', 'NV009', b'0', '2023-11-05', b'0'),
('C20231105010', 'NV010', b'0', '2023-11-05', b'0'),
('C20231105011', 'NV011', b'0', '2023-11-05', b'0'),
('C20231105012', 'NV012', b'1', '2023-11-05', b'0'),
('C20231105013', 'NV013', b'0', '2023-11-05', b'0'),
('C20231105014', 'NV014', b'0', '2023-11-05', b'0'),
('C20231105015', 'NV015', b'0', '2023-11-05', b'0'),
('C20231105016', 'NV016', b'0', '2023-11-05', b'0'),
('C20231105017', 'NV017', b'0', '2023-11-05', b'0'),
('C20231105018', 'NV018', b'0', '2023-11-05', b'0'),
('C20231105019', 'NV019', b'0', '2023-11-05', b'0'),
('C20231105020', 'NV020', b'0', '2023-11-05', b'0'),
('C20231105021', 'NV021', b'0', '2023-11-05', b'0'),
('C20231105022', 'NV022', b'1', '2023-11-05', b'0'),
('C20231105023', 'NV023', b'0', '2023-11-05', b'0'),
('C20231105024', 'NV024', b'0', '2023-11-05', b'0'),
('C20231105025', 'NV025', b'0', '2023-11-05', b'0'),
('C20231105026', 'NV026', b'0', '2023-11-05', b'0'),
('C20231105027', 'NV027', b'1', '2023-11-05', b'0'),
('C20231105028', 'NV028', b'0', '2023-11-05', b'0'),
('C20231105029', 'NV029', b'0', '2023-11-05', b'0'),
('C20231105030', 'NV030', b'0', '2023-11-05', b'0'),
('C20231105031', 'NV031', b'0', '2023-11-05', b'0'),
('C20231105032', 'NV032', b'0', '2023-11-05', b'0'),
('C20231105033', 'NV033', b'1', '2023-11-05', b'0'),
('C20231105034', 'NV034', b'0', '2023-11-05', b'0'),
('C20231105035', 'NV035', b'0', '2023-11-05', b'0'),
('C20231105036', 'NV036', b'1', '2023-11-05', b'0'),
('C20231105037', 'NV037', b'0', '2023-11-05', b'0'),
('C20231106001', 'NV001', b'1', '2023-11-06', b'0'),
('C20231106002', 'NV002', b'1', '2023-11-06', b'0'),
('C20231106003', 'NV003', b'1', '2023-11-06', b'0'),
('C20231106004', 'NV004', b'1', '2023-11-06', b'0'),
('C20231106005', 'NV005', b'1', '2023-11-06', b'0'),
('C20231106006', 'NV006', b'1', '2023-11-06', b'0'),
('C20231106007', 'NV007', b'1', '2023-11-06', b'0'),
('C20231106008', 'NV008', b'1', '2023-11-06', b'0'),
('C20231106009', 'NV009', b'1', '2023-11-06', b'0'),
('C20231106010', 'NV010', b'1', '2023-11-06', b'0'),
('C20231106011', 'NV011', b'1', '2023-11-06', b'0'),
('C20231106012', 'NV012', b'1', '2023-11-06', b'0'),
('C20231106013', 'NV013', b'1', '2023-11-06', b'0'),
('C20231106014', 'NV014', b'1', '2023-11-06', b'0'),
('C20231106015', 'NV015', b'1', '2023-11-06', b'0'),
('C20231106016', 'NV016', b'1', '2023-11-06', b'0'),
('C20231106017', 'NV017', b'1', '2023-11-06', b'0'),
('C20231106018', 'NV018', b'1', '2023-11-06', b'0'),
('C20231106019', 'NV019', b'1', '2023-11-06', b'0'),
('C20231106020', 'NV020', b'1', '2023-11-06', b'0'),
('C20231106021', 'NV021', b'1', '2023-11-06', b'0'),
('C20231106022', 'NV022', b'1', '2023-11-06', b'0'),
('C20231106023', 'NV023', b'1', '2023-11-06', b'0'),
('C20231106024', 'NV024', b'1', '2023-11-06', b'0'),
('C20231106025', 'NV025', b'1', '2023-11-06', b'0'),
('C20231106026', 'NV026', b'1', '2023-11-06', b'0'),
('C20231106027', 'NV027', b'1', '2023-11-06', b'0'),
('C20231106028', 'NV028', b'1', '2023-11-06', b'0'),
('C20231106029', 'NV029', b'1', '2023-11-06', b'0'),
('C20231106030', 'NV030', b'1', '2023-11-06', b'0'),
('C20231106031', 'NV031', b'1', '2023-11-06', b'0'),
('C20231106032', 'NV032', b'1', '2023-11-06', b'0'),
('C20231106033', 'NV033', b'1', '2023-11-06', b'0'),
('C20231106034', 'NV034', b'1', '2023-11-06', b'0'),
('C20231106035', 'NV035', b'1', '2023-11-06', b'0'),
('C20231106036', 'NV036', b'1', '2023-11-06', b'0'),
('C20231106037', 'NV037', b'1', '2023-11-06', b'0'),
('C20231107001', 'NV001', b'1', '2023-11-07', b'0'),
('C20231107002', 'NV002', b'0', '2023-11-07', b'1'),
('C20231107003', 'NV003', b'1', '2023-11-07', b'0'),
('C20231107004', 'NV004', b'1', '2023-11-07', b'0'),
('C20231107005', 'NV005', b'1', '2023-11-07', b'0'),
('C20231107006', 'NV006', b'1', '2023-11-07', b'0'),
('C20231107007', 'NV007', b'1', '2023-11-07', b'0'),
('C20231107008', 'NV008', b'1', '2023-11-07', b'0'),
('C20231107009', 'NV009', b'1', '2023-11-07', b'0'),
('C20231107010', 'NV010', b'1', '2023-11-07', b'0'),
('C20231107011', 'NV011', b'1', '2023-11-07', b'0'),
('C20231107012', 'NV012', b'1', '2023-11-07', b'0'),
('C20231107013', 'NV013', b'1', '2023-11-07', b'0'),
('C20231107014', 'NV014', b'1', '2023-11-07', b'0'),
('C20231107015', 'NV015', b'1', '2023-11-07', b'0'),
('C20231107016', 'NV016', b'1', '2023-11-07', b'0'),
('C20231107017', 'NV017', b'1', '2023-11-07', b'0'),
('C20231107018', 'NV018', b'1', '2023-11-07', b'0'),
('C20231107019', 'NV019', b'1', '2023-11-07', b'0'),
('C20231107020', 'NV020', b'1', '2023-11-07', b'0'),
('C20231107021', 'NV021', b'0', '2023-11-07', b'0'),
('C20231107022', 'NV022', b'1', '2023-11-07', b'0'),
('C20231107023', 'NV023', b'1', '2023-11-07', b'0'),
('C20231107024', 'NV024', b'1', '2023-11-07', b'0'),
('C20231107025', 'NV025', b'1', '2023-11-07', b'0'),
('C20231107026', 'NV026', b'1', '2023-11-07', b'0'),
('C20231107027', 'NV027', b'1', '2023-11-07', b'0'),
('C20231107028', 'NV028', b'1', '2023-11-07', b'0'),
('C20231107029', 'NV029', b'1', '2023-11-07', b'0'),
('C20231107030', 'NV030', b'1', '2023-11-07', b'0'),
('C20231107031', 'NV031', b'1', '2023-11-07', b'0'),
('C20231107032', 'NV032', b'1', '2023-11-07', b'0'),
('C20231107033', 'NV033', b'1', '2023-11-07', b'0'),
('C20231107034', 'NV034', b'1', '2023-11-07', b'0'),
('C20231107035', 'NV035', b'1', '2023-11-07', b'0'),
('C20231107036', 'NV036', b'1', '2023-11-07', b'0'),
('C20231107037', 'NV037', b'1', '2023-11-07', b'0'),
('C20231108001', 'NV001', b'1', '2023-11-08', b'0'),
('C20231108002', 'NV002', b'1', '2023-11-08', b'0'),
('C20231108003', 'NV003', b'1', '2023-11-08', b'0'),
('C20231108004', 'NV004', b'1', '2023-11-08', b'0'),
('C20231108005', 'NV005', b'1', '2023-11-08', b'0'),
('C20231108006', 'NV006', b'1', '2023-11-08', b'0'),
('C20231108007', 'NV007', b'1', '2023-11-08', b'0'),
('C20231108008', 'NV008', b'1', '2023-11-08', b'0'),
('C20231108009', 'NV009', b'1', '2023-11-08', b'0'),
('C20231108010', 'NV010', b'1', '2023-11-08', b'0'),
('C20231108011', 'NV011', b'1', '2023-11-08', b'0'),
('C20231108012', 'NV012', b'1', '2023-11-08', b'0'),
('C20231108013', 'NV013', b'1', '2023-11-08', b'0'),
('C20231108014', 'NV014', b'1', '2023-11-08', b'0'),
('C20231108015', 'NV015', b'1', '2023-11-08', b'0'),
('C20231108016', 'NV016', b'1', '2023-11-08', b'0'),
('C20231108017', 'NV017', b'1', '2023-11-08', b'0'),
('C20231108018', 'NV018', b'1', '2023-11-08', b'0'),
('C20231108019', 'NV019', b'1', '2023-11-08', b'0'),
('C20231108020', 'NV020', b'1', '2023-11-08', b'0'),
('C20231108021', 'NV021', b'1', '2023-11-08', b'0'),
('C20231108022', 'NV022', b'1', '2023-11-08', b'0'),
('C20231108023', 'NV023', b'1', '2023-11-08', b'0'),
('C20231108024', 'NV024', b'1', '2023-11-08', b'0'),
('C20231108025', 'NV025', b'1', '2023-11-08', b'0'),
('C20231108026', 'NV026', b'1', '2023-11-08', b'0'),
('C20231108027', 'NV027', b'1', '2023-11-08', b'0'),
('C20231108028', 'NV028', b'1', '2023-11-08', b'0'),
('C20231108029', 'NV029', b'1', '2023-11-08', b'0'),
('C20231108030', 'NV030', b'1', '2023-11-08', b'0'),
('C20231108031', 'NV031', b'1', '2023-11-08', b'0'),
('C20231108032', 'NV032', b'1', '2023-11-08', b'0'),
('C20231108033', 'NV033', b'1', '2023-11-08', b'0'),
('C20231108034', 'NV034', b'1', '2023-11-08', b'0'),
('C20231108035', 'NV035', b'1', '2023-11-08', b'0'),
('C20231108036', 'NV036', b'1', '2023-11-08', b'0'),
('C20231108037', 'NV037', b'1', '2023-11-08', b'0'),
('C20231109001', 'NV001', b'1', '2023-11-09', b'0'),
('C20231109002', 'NV002', b'1', '2023-11-09', b'0'),
('C20231109003', 'NV003', b'1', '2023-11-09', b'0'),
('C20231109004', 'NV004', b'1', '2023-11-09', b'0'),
('C20231109005', 'NV005', b'1', '2023-11-09', b'0'),
('C20231109006', 'NV006', b'1', '2023-11-09', b'0'),
('C20231109007', 'NV007', b'1', '2023-11-09', b'0'),
('C20231109008', 'NV008', b'1', '2023-11-09', b'0'),
('C20231109009', 'NV009', b'1', '2023-11-09', b'0'),
('C20231109010', 'NV010', b'1', '2023-11-09', b'0'),
('C20231109011', 'NV011', b'1', '2023-11-09', b'0'),
('C20231109012', 'NV012', b'1', '2023-11-09', b'0'),
('C20231109013', 'NV013', b'1', '2023-11-09', b'0'),
('C20231109014', 'NV014', b'1', '2023-11-09', b'0'),
('C20231109015', 'NV015', b'1', '2023-11-09', b'0'),
('C20231109016', 'NV016', b'1', '2023-11-09', b'0'),
('C20231109017', 'NV017', b'1', '2023-11-09', b'0'),
('C20231109018', 'NV018', b'1', '2023-11-09', b'0'),
('C20231109019', 'NV019', b'1', '2023-11-09', b'0'),
('C20231109020', 'NV020', b'1', '2023-11-09', b'0'),
('C20231109021', 'NV021', b'1', '2023-11-09', b'0'),
('C20231109022', 'NV022', b'1', '2023-11-09', b'0'),
('C20231109023', 'NV023', b'1', '2023-11-09', b'0'),
('C20231109024', 'NV024', b'1', '2023-11-09', b'0'),
('C20231109025', 'NV025', b'1', '2023-11-09', b'0'),
('C20231109026', 'NV026', b'1', '2023-11-09', b'0'),
('C20231109027', 'NV027', b'1', '2023-11-09', b'0'),
('C20231109028', 'NV028', b'1', '2023-11-09', b'0'),
('C20231109029', 'NV029', b'1', '2023-11-09', b'0'),
('C20231109030', 'NV030', b'1', '2023-11-09', b'0'),
('C20231109031', 'NV031', b'1', '2023-11-09', b'0'),
('C20231109032', 'NV032', b'1', '2023-11-09', b'0'),
('C20231109033', 'NV033', b'1', '2023-11-09', b'0'),
('C20231109034', 'NV034', b'0', '2023-11-09', b'0'),
('C20231109035', 'NV035', b'1', '2023-11-09', b'0'),
('C20231109036', 'NV036', b'1', '2023-11-09', b'0'),
('C20231109037', 'NV037', b'0', '2023-11-09', b'0'),
('C20231110001', 'NV001', b'0', '2023-11-10', b'0'),
('C20231110002', 'NV002', b'1', '2023-11-10', b'0'),
('C20231110003', 'NV003', b'1', '2023-11-10', b'0'),
('C20231110004', 'NV004', b'1', '2023-11-10', b'0'),
('C20231110005', 'NV005', b'1', '2023-11-10', b'0'),
('C20231110006', 'NV006', b'1', '2023-11-10', b'0'),
('C20231110007', 'NV007', b'1', '2023-11-10', b'0'),
('C20231110008', 'NV008', b'1', '2023-11-10', b'0'),
('C20231110009', 'NV009', b'1', '2023-11-10', b'0'),
('C20231110010', 'NV010', b'1', '2023-11-10', b'0'),
('C20231110011', 'NV011', b'1', '2023-11-10', b'0'),
('C20231110012', 'NV012', b'1', '2023-11-10', b'0'),
('C20231110013', 'NV013', b'1', '2023-11-10', b'0'),
('C20231110014', 'NV014', b'1', '2023-11-10', b'0'),
('C20231110015', 'NV015', b'1', '2023-11-10', b'0'),
('C20231110016', 'NV016', b'0', '2023-11-10', b'0'),
('C20231110017', 'NV017', b'1', '2023-11-10', b'0'),
('C20231110018', 'NV018', b'1', '2023-11-10', b'0'),
('C20231110019', 'NV019', b'1', '2023-11-10', b'0'),
('C20231110020', 'NV020', b'1', '2023-11-10', b'0'),
('C20231110021', 'NV021', b'1', '2023-11-10', b'0'),
('C20231110022', 'NV022', b'1', '2023-11-10', b'0'),
('C20231110023', 'NV023', b'1', '2023-11-10', b'0'),
('C20231110024', 'NV024', b'1', '2023-11-10', b'0'),
('C20231110025', 'NV025', b'1', '2023-11-10', b'0'),
('C20231110026', 'NV026', b'0', '2023-11-10', b'0'),
('C20231110027', 'NV027', b'1', '2023-11-10', b'0'),
('C20231110028', 'NV028', b'1', '2023-11-10', b'0'),
('C20231110029', 'NV029', b'1', '2023-11-10', b'0'),
('C20231110030', 'NV030', b'1', '2023-11-10', b'0'),
('C20231110031', 'NV031', b'1', '2023-11-10', b'0'),
('C20231110032', 'NV032', b'1', '2023-11-10', b'0'),
('C20231110033', 'NV033', b'1', '2023-11-10', b'0'),
('C20231110034', 'NV034', b'1', '2023-11-10', b'0'),
('C20231110035', 'NV035', b'1', '2023-11-10', b'0'),
('C20231110036', 'NV036', b'1', '2023-11-10', b'0'),
('C20231110037', 'NV037', b'1', '2023-11-10', b'0'),
('C20231111001', 'NV001', b'1', '2023-11-11', b'0'),
('C20231111002', 'NV002', b'1', '2023-11-11', b'0'),
('C20231111003', 'NV003', b'1', '2023-11-11', b'0'),
('C20231111004', 'NV004', b'1', '2023-11-11', b'0'),
('C20231111005', 'NV005', b'1', '2023-11-11', b'0'),
('C20231111006', 'NV006', b'1', '2023-11-11', b'0'),
('C20231111007', 'NV007', b'1', '2023-11-11', b'0'),
('C20231111008', 'NV008', b'1', '2023-11-11', b'0'),
('C20231111009', 'NV009', b'1', '2023-11-11', b'0'),
('C20231111010', 'NV010', b'1', '2023-11-11', b'0'),
('C20231111011', 'NV011', b'1', '2023-11-11', b'0'),
('C20231111012', 'NV012', b'1', '2023-11-11', b'0'),
('C20231111013', 'NV013', b'1', '2023-11-11', b'0'),
('C20231111014', 'NV014', b'1', '2023-11-11', b'0'),
('C20231111015', 'NV015', b'1', '2023-11-11', b'0'),
('C20231111016', 'NV016', b'1', '2023-11-11', b'0'),
('C20231111017', 'NV017', b'1', '2023-11-11', b'0'),
('C20231111018', 'NV018', b'1', '2023-11-11', b'0'),
('C20231111019', 'NV019', b'1', '2023-11-11', b'0'),
('C20231111020', 'NV020', b'1', '2023-11-11', b'0'),
('C20231111021', 'NV021', b'1', '2023-11-11', b'0'),
('C20231111022', 'NV022', b'1', '2023-11-11', b'0'),
('C20231111023', 'NV023', b'1', '2023-11-11', b'0'),
('C20231111024', 'NV024', b'1', '2023-11-11', b'0'),
('C20231111025', 'NV025', b'1', '2023-11-11', b'0'),
('C20231111026', 'NV026', b'1', '2023-11-11', b'0'),
('C20231111027', 'NV027', b'1', '2023-11-11', b'0'),
('C20231111028', 'NV028', b'1', '2023-11-11', b'0'),
('C20231111029', 'NV029', b'1', '2023-11-11', b'0'),
('C20231111030', 'NV030', b'1', '2023-11-11', b'0'),
('C20231111031', 'NV031', b'1', '2023-11-11', b'0'),
('C20231111032', 'NV032', b'1', '2023-11-11', b'0'),
('C20231111033', 'NV033', b'1', '2023-11-11', b'0'),
('C20231111034', 'NV034', b'1', '2023-11-11', b'0'),
('C20231111035', 'NV035', b'1', '2023-11-11', b'0'),
('C20231111036', 'NV036', b'1', '2023-11-11', b'0'),
('C20231111037', 'NV037', b'1', '2023-11-11', b'0'),
('C20231112001', 'NV001', b'0', '2023-11-12', b'0'),
('C20231112002', 'NV002', b'0', '2023-11-12', b'0'),
('C20231112003', 'NV003', b'0', '2023-11-12', b'0'),
('C20231112004', 'NV004', b'0', '2023-11-12', b'0'),
('C20231112005', 'NV005', b'0', '2023-11-12', b'0'),
('C20231112006', 'NV006', b'0', '2023-11-12', b'0'),
('C20231112007', 'NV007', b'0', '2023-11-12', b'0'),
('C20231112008', 'NV008', b'0', '2023-11-12', b'0'),
('C20231112009', 'NV009', b'0', '2023-11-12', b'0'),
('C20231112010', 'NV010', b'0', '2023-11-12', b'0'),
('C20231112011', 'NV011', b'0', '2023-11-12', b'0'),
('C20231112012', 'NV012', b'0', '2023-11-12', b'0'),
('C20231112013', 'NV013', b'0', '2023-11-12', b'0'),
('C20231112014', 'NV014', b'0', '2023-11-12', b'0'),
('C20231112015', 'NV015', b'0', '2023-11-12', b'0'),
('C20231112016', 'NV016', b'0', '2023-11-12', b'0'),
('C20231112017', 'NV017', b'0', '2023-11-12', b'0'),
('C20231112018', 'NV018', b'0', '2023-11-12', b'0'),
('C20231112019', 'NV019', b'0', '2023-11-12', b'0'),
('C20231112020', 'NV020', b'0', '2023-11-12', b'0'),
('C20231112021', 'NV021', b'0', '2023-11-12', b'0'),
('C20231112022', 'NV022', b'0', '2023-11-12', b'0'),
('C20231112023', 'NV023', b'0', '2023-11-12', b'0'),
('C20231112024', 'NV024', b'0', '2023-11-12', b'0'),
('C20231112025', 'NV025', b'0', '2023-11-12', b'0'),
('C20231112026', 'NV026', b'0', '2023-11-12', b'0'),
('C20231112027', 'NV027', b'0', '2023-11-12', b'0'),
('C20231112028', 'NV028', b'0', '2023-11-12', b'0'),
('C20231112029', 'NV029', b'0', '2023-11-12', b'0'),
('C20231112030', 'NV030', b'0', '2023-11-12', b'0'),
('C20231112031', 'NV031', b'0', '2023-11-12', b'0'),
('C20231112032', 'NV032', b'0', '2023-11-12', b'0'),
('C20231112033', 'NV033', b'0', '2023-11-12', b'0'),
('C20231112034', 'NV034', b'0', '2023-11-12', b'0'),
('C20231112035', 'NV035', b'0', '2023-11-12', b'0'),
('C20231112036', 'NV036', b'0', '2023-11-12', b'0'),
('C20231112037', 'NV037', b'0', '2023-11-12', b'0');

-- --------------------------------------------------------

--
-- Table structure for table `chuc_vu`
--

CREATE TABLE `chuc_vu` (
  `MaChucVu` varchar(10) NOT NULL,
  `TenChucVu` varchar(25) NOT NULL,
  `HeSoLuong` float NOT NULL
) ENGINE=InnoDB DEFAULT CHARSET=utf8 COLLATE=utf8_general_ci;

--
-- Dumping data for table `chuc_vu`
--

INSERT INTO `chuc_vu` (`MaChucVu`, `TenChucVu`, `HeSoLuong`) VALUES
('BS', 'Bc S ', 4.28),
('BV', 'Bo V', 1.53),
('DD', 'iu Dng', 3.46),
('GD', 'Gim c', 6.54),
('KT', 'K Ton', 3.82),
('KTVXN', 'KTV Xt Nghim', 3.72),
('KTVXQ', 'KTV X.Quang', 3.72),
('LT', 'L Tn', 2.29),
('LX', 'Li Xe', 2.59),
('PGD', 'Ph Gim c', 5.31),
('QL', 'Qun L', 4.33),
('TV', 'Tp V', 1.78),
('YS', 'Y S', 4.13),
('YT', 'Y T', 3.52);

-- --------------------------------------------------------

--
-- Table structure for table `dat_lai_mat_khau`
--

CREATE TABLE `dat_lai_mat_khau` (
  `MaDL` int(11) NOT NULL,
  `Email` varchar(255) NOT NULL,
  `Token` varchar(255) NOT NULL,
  `ExpDate` datetime NOT NULL
) ENGINE=InnoDB DEFAULT CHARSET=utf8 COLLATE=utf8_general_ci;

--
-- Dumping data for table `dat_lai_mat_khau`
--

INSERT INTO `dat_lai_mat_khau` (`MaDL`, `Email`, `Token`, `ExpDate`) VALUES
(137, 'tiendb505@gmail.com', '63a09f954a17ee402a1df9689e4ef90fe8251c1f2c17538be33a0c54f08e05f65670626fcd', '2023-10-25 13:14:28'),
(139, 'tiendb505@gmail.com', '63a09f954a17ee402a1df9689e4ef90f1edaa02556e3dd65b0803a6600463893268aa5f327', '2023-10-25 13:19:32'),
(140, 'tiendb505@gmail.com', '63a09f954a17ee402a1df9689e4ef90f4cd7211c1e769e3a7694bb4869bbe837ff207b0998', '2023-10-25 13:45:05');

-- --------------------------------------------------------

--
-- Table structure for table `nhan_vien`
--

CREATE TABLE `nhan_vien` (
  `MaNV` varchar(10) NOT NULL,
  `HoNV` varchar(50) NOT NULL,
  `TenNV` varchar(50) NOT NULL,
  `GioiTinh` bit(1) NOT NULL,
  `NgaySinh` date NOT NULL,
  `DiaChi` varchar(100) NOT NULL,
  `MaPhong` varchar(10) NOT NULL,
  `STK` varchar(20) NOT NULL,
  `CCCD` varchar(20) NOT NULL,
  `MaChucVu` varchar(10) NOT NULL,
  `SoCon` int(2) NOT NULL,
  `Hinh` varchar(150) NOT NULL,
  `SDT` varchar(10) NOT NULL,
  `Email` varchar(255) DEFAULT NULL
) ENGINE=InnoDB DEFAULT CHARSET=utf8 COLLATE=utf8_general_ci;

--
-- Dumping data for table `nhan_vien`
--

INSERT INTO `nhan_vien` (`MaNV`, `HoNV`, `TenNV`, `GioiTinh`, `NgaySinh`, `DiaChi`, `MaPhong`, `STK`, `CCCD`, `MaChucVu`, `SoCon`, `Hinh`, `SDT`, `Email`) VALUES
('NV001', 'Trn Ngc', 'Tin', b'1', '1975-05-10', 'Din Khnh - Khnh Ha', 'PDH', '105873110200', '059366843676', 'GD', 0, 'NV001.jpg', '0325349970', 'tiendb505@gmail.com'),
('NV002', 'Hunh Thanh', 'Hin', b'1', '1980-09-24', 'Phan Rang Thp Chm - Ninh Thun', 'PDH', '199348229999', '055240540759', 'PGD', 0, 'NV002.jpg', '0388659575', 'thanhhien2409@gmail.com'),
('NV003', 'Nguyn Th Dim', 'Kiu', b'0', '1990-07-22', 'ng Ha - Ph Yn', 'HCNS', '115348223590', '054334056526', 'QL', 0, 'NV003.jpg', '0779684779', 'diemkieu0722@gmail.com'),
('NV004', 'Trng Khnh', 'Ha', b'1', '1985-09-22', 'Cam Ranh - Khnh Ha', 'TCKT', '159222465372', '044202002104', 'KT', 0, 'NV004.jpg', '0586127529', 'khanhhoa2209@gmail.com'),
('NV005', 'Nguyn Duy', 'Thin', b'1', '1995-10-13', 'Cam Lm - Khnh Ha', 'TCKT', '131597603358', '056202012213', 'KT', 0, 'NV005.jpg', '0905383232', 'duythien1310@gmail.com'),
('NV006', 'Nguyn Thnh', 't', b'1', '1995-05-29', 'Ph Ha - Ph Yn', 'NVT', '160315619283', '052799186751', 'YS', 0, 'NV006.jpg', '0354910963', 'thanhdat2905@gmail.com'),
('NV007', 'L Hong', 'Thin', b'1', '1997-08-04', 'Nha Trang - Khnh Ha', 'KXQ', '131417406839', '051431001117', 'KTVXQ', 0, 'NV007.jpg', '0395651929', 'hoangthien0408@gmail.com'),
('NV008', 'Phng Th', 'Phng', b'0', '2000-10-30', 'Ninh Ha - Khnh Ha', 'PDD', '153798825025', '059394680701', 'DD', 1, 'NV008.jpg', '0938866864', 'phuongphung3010@gmail.com'),
('NV009', 'Phm Ngc', 'Tuyn', b'1', '2002-03-27', 'Cam Ranh - Khnh Ha', 'DDT', '133159489180', '051104781797', 'YS', 0, 'NV009.jpg', '0902694408', 'ngoctuyen2703@gmail.com'),
('NV010', 'V Th Thu', 'Hng', b'0', '2002-09-21', 'Din Khnh - Khnh Ha', 'PDD', '154826982550', '056867051066', 'DD', 0, 'NV010.jpg', '0935879152', 'thuhang2109@gmail.com'),
('NV011', 'Nguyn Th Hn', 'Ny', b'0', '2000-06-16', 'Quy Nhn - Bnh nh', 'PDD', '183223915796', '054328405118', 'DD', 0, 'NV011.jpg', '0346583642', 'nynguyen1606@gmail.com'),
('NV012', 'L Vn', 'Qung', b'1', '1999-05-24', 'Hi An - Qung Nam', 'KXN', '169884633081', '051181881507', 'KTVXN', 0, 'NV012.jpg', '0925920683', 'quangle2405@gmail.com'),
('NV013', 'Nguyn Vn', 'Thun', b'1', '1988-05-19', '', 'KXQ', '140437420886', '056852689543', 'KTVXQ', 0, 'NV013.jpg', '0935148655', 'thuannguyen1905@gmail.com'),
('NV014', 'Ng Thanh', 'T', b'0', '1980-04-15', 'Tuy Ha - Ph Yn', 'KN', '179244460444', '057490393886', 'BS', 0, 'NV014.jpg', '0978642649', 'thanhtu1504@gmail.com'),
('NV015', 'Trn Th Tuyt', 'Nhung', b'0', '1985-05-04', 'Sng Cu - Ph Yn', 'KTMH', '184021267988', '184021267988', 'BS', 0, 'NV015.jpg', '0814211876', 'tuyetnhung0405@gmail.com'),
('NV016', 'ng Th Bch', 'H', b'0', '1999-07-28', 'ng Xun - Ph Yn', 'KN', '157094038084', '052386900412', 'YT', 0, 'NV016.jpg', '0934833527', 'hadang2807@gmail.com'),
('NV017', 'L Th M', 'Hnh', b'0', '1990-09-14', 'Ty Ha - Ph Yn', 'SPK', '154282019356', '051525664201', 'BS', 0, 'NV017.jpg', '0944110304', 'myhanh1409@gmail.com'),
('NV018', 'Nguyn Vn', 'Nht', b'1', '1984-02-14', 'Sn Ha - Ph Yn', 'KXQ', '119996730472', '055322616077', 'BS', 0, 'NV018.jpg', '0706111770', 'nhutnguyen1402@gmail.com'),
('NV019', 'Lng Th Kim', 'Trang', b'0', '1997-01-13', 'Vn Ninh - Khnh Ha ', 'PLB', '100745829236', '052927729620', 'YT', 0, 'NV019.jpg', '0948376630', 'kimtrang1301@gmail.com'),
('NV020', 'Phm Kim Hng', 'Tho', b'0', '1983-05-20', 'Phan Thit - Bnh Thun ', 'NVT', '184332655274', '053034602357', 'BS', 0, 'NV020.jpg', '0919742553', 'thaopham2005@gmail.com'),
('NV021', 'L Th Mai', 'Qunh', b'0', '1996-05-03', 'Th Du Mt - Bnh Dng', 'NS', '108982988758', '058356115696', 'YT', 0, 'NV021.jpg', '0849183366', 'maiquynh0305@gmail.com'),
('NV022', 'Nguyn Th', 'm', b'0', '2002-04-16', 'Ninh Ha - Khnh Ha', 'PDD', '155036160195', '052224532871', 'DD', 0, 'NV022.jpg', '0338192271', 'damnguyen1604@gmail.com'),
('NV023', 'Trn Th Hng', 'Thy', b'0', '2002-03-18', 'Tuy Ha - Ph Yn', 'RHM', '129541016620', '054043773763', 'YS', 0, 'NV023.jpg', '0767119835', 'huongthuy1803@gmail.com'),
('NV024', 'Phng Th Bo', 'Ngn', b'0', '1995-08-30', 'Din Khnh - Khnh Ha', 'KTMH', '105545867189', '051563838764', 'YT', 0, 'NV024.jpg', '0384212130', 'baongan3008@gmail.com'),
('NV025', 'L Minh', 'V', b'1', '2000-03-07', 'ng Ha - Ph Yn', 'KN', '135241676243', '058205046700', 'YS', 0, 'NV025.jpg', '0901097789', 'minhvu0703@gmail.com'),
('NV026', 'Nguyn Th M', 'Hip', b'0', '2002-01-18', 'Ph Ha - Ph Yn', 'SPK', '169462621932', '057583428501', 'YT', 0, 'NV026.jpg', '0905610561', NULL),
('NV027', 'Nguyn Th Mng', 'H', b'0', '1995-04-26', 'Sng Cu - Ph Yn', 'NTQ', '176931550357', '058681034344', 'BS', 0, 'NV027.jpg', '0359417969', NULL),
('NV028', 'Ngy Mai', 'Phng', b'0', '2000-08-17', 'Phan Rang - Thp Chm - Ninh Thun', 'PLB', '182833022039', '051582659572', 'YT', 0, 'NV028.jpg', '0878066366', NULL),
('NV029', 'Nguyn Th Hoa', 'L', b'0', '1995-05-10', 'Phan Thit - Bnh Thun ', 'NS', '103251989389', '056579282184', 'BS', 0, 'NV029.jpg', '0354786666', NULL),
('NV030', 'L Nguyn Tho', 'Sng', b'0', '1998-06-20', 'Sng Hinh - Ph Yn', 'SPK', '159917286193', '058599901644', 'YS', 0, 'NV030.jpg', '0901918626', NULL),
('NV031', 'V Th Lan', 'Anh', b'0', '2002-06-30', 'Quy Nhn - Bnh nh', 'RHM', '113069246118', '058743366563', 'YT', 0, 'NV031.jpg', '0911264225', NULL),
('NV032', 'Trn Minh', 'Tn', b'1', '1985-06-20', 'Nha Trang - Khnh Ha', 'HC', '180248445067', '050243447709', 'BV', 0, 'NV032.jpg', '0338063620', NULL),
('NV033', 'L Th Thu', 'Thy', b'0', '2000-11-19', 'Cam Lm - Khnh Ha', 'CSKH', '146149070882', '057737442648', 'LT', 0, 'NV033.jpg', '0375521057', NULL),
('NV034', 'L Th Thanh', 'Thy', b'0', '1999-10-16', 'Cam Ranh - Khnh Ha', 'PDD', '119045880912', '052085530205', 'DD', 0, 'NV034.jpg', '0906420744', NULL),
('NV035', ' Thnh', 'Long', b'1', '1990-09-29', 'ng Xun - Ph Yn', 'HC', '110053905154', '057189032008', 'LX', 0, 'NV035.jpg', '0976731371', NULL),
('NV036', 'L Minh', 'Khi', b'1', '1990-07-20', 'Quy Nhn - Bnh nh', 'HC', '108982988745', '058205046777', 'TV', 0, 'NV036.jpg', '0332073764', NULL),
('NV037', 'Trnh L Phng', 'Nghi', b'0', '2007-08-12', 'Cam Ranh - Khnh Ha', 'RHM', '03630474099', '2258301411', 'BS', 2, 'NV037.jpg', '0363047499', NULL);

-- --------------------------------------------------------

--
-- Table structure for table `phieu_luong`
--

CREATE TABLE `phieu_luong` (
  `MaPhieuLuong` varchar(11) NOT NULL,
  `MaNV` varchar(10) NOT NULL,
  `Thang` int(2) NOT NULL,
  `Nam` int(4) NOT NULL,
  `SoNgayCong` int(2) NOT NULL,
  `SoNgayVang` int(2) NOT NULL,
  `LuongTangCa` decimal(18,0) NOT NULL,
  `TienTamUng` decimal(18,0) NOT NULL,
  `Thue` decimal(18,0) NOT NULL,
  `TruBaoHiem` decimal(18,0) NOT NULL,
  `TroCap` decimal(18,0) NOT NULL,
  `Thuong` decimal(18,0) NOT NULL,
  `Phat` decimal(18,0) NOT NULL,
  `TienLuongThang` decimal(18,0) NOT NULL,
  `TongThuNhap` decimal(18,0) NOT NULL,
  `ThucLinh` decimal(18,0) NOT NULL,
  `GhiChu` text DEFAULT NULL
) ENGINE=InnoDB DEFAULT CHARSET=utf8 COLLATE=utf8_general_ci;

--
-- Dumping data for table `phieu_luong`
--

INSERT INTO `phieu_luong` (`MaPhieuLuong`, `MaNV`, `Thang`, `Nam`, `SoNgayCong`, `SoNgayVang`, `LuongTangCa`, `TienTamUng`, `Thue`, `TruBaoHiem`, `TroCap`, `Thuong`, `Phat`, `TienLuongThang`, `TongThuNhap`, `ThucLinh`, `GhiChu`) VALUES
('PL202308001', 'NV001', 8, 2023, 28, 0, 1224288, 0, 1267605, 2666227, 500000, 0, 0, 25392640, 24450701, 23183096, NULL),
('PL202308002', 'NV002', 8, 2023, 26, 1, 773136, 0, 490730, 2010154, 500000, 0, 0, 19144320, 18407302, 17916572, NULL),
('PL202308003', 'NV003', 8, 2023, 27, 0, 630448, 0, 231988, 1702210, 500000, 0, 0, 16211520, 15639758, 15407770, NULL),
('PL202308004', 'NV004', 8, 2023, 23, 4, 1827488, 0, 26575, 1279242, 500000, 0, 1700000, 12183253, 11531499, 11504924, 'pht thm 500k ngh nhiu'),
('PL202308005', 'NV005', 8, 2023, 27, 0, 1112384, 0, 195637, 1501718, 500000, 500000, 0, 14302080, 14912746, 14717108, 'thng 500k'),
('PL202308006', 'NV006', 8, 2023, 27, 0, 601328, 0, 197023, 1623586, 500000, 0, 0, 15462720, 14940462, 14743439, NULL),
('PL202308007', 'NV007', 8, 2023, 27, 0, 541632, 1500000, 125345, 1462406, 500000, 0, 0, 13927680, 13506906, 11881560, NULL),
('PL202308008', 'NV008', 8, 2023, 26, 1, 503776, 1000000, 84671, 1309818, 1025000, 0, 0, 12474453, 12693412, 11608741, NULL),
('PL202308009', 'NV009', 8, 2023, 25, 2, 601328, 0, 125767, 1503320, 500000, 0, 400000, 14317333, 13515341, 13389574, NULL),
('PL202308010', 'NV010', 8, 2023, 27, 0, 1511328, 0, 130269, 1360195, 500000, 0, 0, 12954240, 13605373, 13475104, NULL),
('PL202308011', 'NV011', 8, 2023, 26, 1, 503776, 0, 58421, 1309818, 500000, 0, 0, 12474453, 12168412, 12109991, NULL),
('PL202308012', 'NV012', 8, 2023, 27, 0, 1083264, 0, 152427, 1462406, 500000, 0, 0, 13927680, 14048538, 13896111, NULL),
('PL202308013', 'NV013', 8, 2023, 27, 0, 541632, 0, 125345, 1462406, 500000, 0, 0, 13927680, 13506906, 13381560, NULL),
('PL202308014', 'NV014', 8, 2023, 26, 1, 1246336, 0, 227846, 1620237, 500000, 0, 0, 15430827, 15556926, 15329080, NULL),
('PL202308015', 'NV015', 8, 2023, 26, 1, 1246336, 0, 227846, 1620237, 500000, 0, 0, 15430827, 15556926, 15329080, NULL),
('PL202308016', 'NV016', 8, 2023, 26, 1, 1025024, 0, 94163, 1332531, 500000, 0, 0, 12690773, 12883266, 12789103, NULL),
('PL202308017', 'NV017', 8, 2023, 26, 1, 623168, 0, 196688, 1620237, 500000, 0, 0, 15430827, 14933758, 14737070, NULL),
('PL202308018', 'NV018', 8, 2023, 27, 0, 0, 0, 192088, 1682554, 500000, 0, 0, 16024320, 14841766, 14649678, NULL),
('PL202308019', 'NV019', 8, 2023, 24, 3, 1025024, 0, 10478, 1230029, 500000, 0, 800000, 11714560, 11209555, 11199077, NULL),
('PL202308020', 'NV020', 8, 2023, 27, 0, 623168, 0, 223247, 1682554, 500000, 0, 0, 16024320, 15464934, 15241688, NULL),
('PL202308021', 'NV021', 8, 2023, 26, 1, 1025024, 0, 94163, 1332531, 500000, 0, 0, 12690773, 12883266, 12789103, NULL),
('PL202308022', 'NV022', 8, 2023, 27, 0, 503776, 0, 79891, 1360195, 500000, 0, 0, 12954240, 12597821, 12517930, NULL),
('PL202308023', 'NV023', 8, 2023, 27, 0, 601328, 0, 197023, 1623586, 500000, 0, 0, 15462720, 14940462, 14743439, NULL),
('PL202308024', 'NV024', 8, 2023, 27, 0, 1025024, 0, 141006, 1383782, 500000, 500000, 0, 13178880, 13820122, 13679116, 'lm vic tnh cc thng 500k'),
('PL202308025', 'NV025', 8, 2023, 26, 1, 0, 0, 141329, 1563453, 500000, 0, 0, 14890027, 13826574, 13685245, NULL),
('PL202308026', 'NV026', 8, 2023, 27, 0, 1537536, 0, 191632, 1383782, 500000, 1000000, 0, 13178880, 14832634, 14641002, 'tng ca nhiu thng 1000k'),
('PL202308027', 'NV027', 8, 2023, 27, 0, 623168, 0, 223247, 1682554, 500000, 0, 0, 16024320, 15464934, 15241688, NULL),
('PL202308028', 'NV028', 8, 2023, 27, 0, 512512, 0, 90380, 1383782, 500000, 0, 0, 13178880, 12807610, 12717229, NULL),
('PL202308029', 'NV029', 8, 2023, 27, 0, 1246336, 0, 258810, 1682554, 500000, 0, 0, 16024320, 16088102, 15829292, NULL),
('PL202308030', 'NV030', 8, 2023, 27, 0, 601328, 0, 197023, 1623586, 500000, 0, 0, 15462720, 14940462, 14743439, NULL),
('PL202308031', 'NV031', 8, 2023, 27, 0, 0, 0, 64755, 1383782, 500000, 0, 0, 13178880, 12295098, 12230343, NULL),
('PL202308032', 'NV032', 8, 2023, 27, 0, 222768, 0, 0, 601474, 500000, 0, 0, 5728320, 5849614, 5849614, NULL),
('PL202308033', 'NV033', 8, 2023, 27, 0, 333424, 1000000, 0, 900245, 500000, 0, 0, 8573760, 8506939, 7506939, NULL),
('PL202308034', 'NV034', 8, 2023, 25, 2, 0, 0, 0, 1259440, 500000, 0, 400000, 11994667, 10835227, 10835227, NULL),
('PL202308035', 'NV035', 8, 2023, 27, 0, 0, 500000, 0, 1018181, 500000, 0, 0, 9696960, 9178779, 8678779, NULL),
('PL202308036', 'NV036', 8, 2023, 27, 0, 333216, 0, 0, 699754, 500000, 0, 0, 6664320, 6797782, 6797782, NULL),
('PL202308037', 'NV037', 8, 2023, 27, 0, 0, 0, 244588, 1682554, 1550000, 0, 0, 16024320, 15891766, 15647178, NULL),
('PL202309001', 'NV001', 9, 2023, 27, 0, 0, 0, 962213, 2571005, 500000, 0, 0, 24485760, 22414755, 21452542, NULL),
('PL202309002', 'NV002', 9, 2023, 26, 0, 0, 0, 413417, 2010154, 500000, 0, 0, 19144320, 17634166, 17220750, NULL),
('PL202309003', 'NV003', 9, 2023, 26, 0, 0, 0, 173596, 1639165, 500000, 0, 0, 15611093, 14471929, 14298332, NULL),
('PL202309004', 'NV004', 9, 2023, 22, 4, 0, 0, 0, 1223622, 500000, 0, 1200000, 11653547, 9729924, 9729924, NULL),
('PL202309005', 'NV005', 9, 2023, 27, 0, 2383680, 0, 318404, 1501718, 500000, 1000000, 0, 14302080, 16684042, 16365637, 'thng 1000k'),
('PL202309006', 'NV006', 9, 2023, 26, 0, 0, 0, 141329, 1563453, 500000, 0, 0, 14890027, 13826574, 13685245, NULL),
('PL202309007', 'NV007', 9, 2023, 26, 0, 0, 0, 75180, 1408243, 500000, 0, 0, 13411840, 12503597, 12428417, NULL),
('PL202309008', 'NV008', 9, 2023, 26, 0, 0, 0, 59482, 1309818, 1025000, 0, 0, 12474453, 12189636, 12130154, NULL),
('PL202309009', 'NV009', 9, 2023, 27, 0, 773136, 0, 205614, 1623586, 500000, 0, 0, 15462720, 15112270, 14906657, NULL),
('PL202309010', 'NV010', 9, 2023, 25, 1, 935584, 0, 58541, 1259440, 500000, 0, 0, 11994667, 12170811, 12112270, NULL),
('PL202309011', 'NV011', 9, 2023, 26, 0, 1439360, 0, 105200, 1309818, 500000, 0, 0, 12474453, 13103996, 12998796, NULL),
('PL202309012', 'NV012', 9, 2023, 26, 0, 0, 500000, 75180, 1408243, 500000, 0, 0, 13411840, 12503597, 11928417, NULL),
('PL202309013', 'NV013', 9, 2023, 26, 0, 0, 0, 75180, 1408243, 500000, 0, 0, 13411840, 12503597, 12428417, NULL),
('PL202309014', 'NV014', 9, 2023, 26, 0, 0, 0, 165529, 1620237, 500000, 0, 0, 15430827, 14310590, 14145060, NULL),
('PL202309015', 'NV015', 9, 2023, 26, 0, 0, 0, 165529, 1620237, 500000, 0, 0, 15430827, 14310590, 14145060, NULL),
('PL202309016', 'NV016', 9, 2023, 27, 0, 1610752, 2000000, 145292, 1383782, 500000, 0, 0, 13178880, 13905850, 11760557, NULL),
('PL202309017', 'NV017', 9, 2023, 26, 0, 0, 0, 165529, 1620237, 500000, 0, 0, 15430827, 14310590, 14145060, NULL),
('PL202309018', 'NV018', 9, 2023, 26, 0, 0, 0, 165529, 1620237, 500000, 0, 0, 15430827, 14310590, 14145060, NULL),
('PL202309019', 'NV019', 9, 2023, 26, 0, 951808, 0, 90503, 1332531, 500000, 0, 0, 12690773, 12810050, 12719548, NULL),
('PL202309020', 'NV020', 9, 2023, 26, 0, 0, 0, 165529, 1620237, 500000, 0, 0, 15430827, 14310590, 14145060, NULL),
('PL202309021', 'NV021', 9, 2023, 27, 0, 658944, 0, 97702, 1383782, 500000, 0, 0, 13178880, 12954042, 12856340, NULL),
('PL202309022', 'NV022', 9, 2023, 26, 0, 0, 0, 33232, 1309818, 500000, 0, 0, 12474453, 11664636, 11631404, NULL),
('PL202309023', 'NV023', 9, 2023, 26, 0, 0, 0, 141329, 1563453, 500000, 0, 0, 14890027, 13826574, 13685245, NULL),
('PL202309024', 'NV024', 9, 2023, 27, 0, 1610752, 0, 145292, 1383782, 500000, 0, 0, 13178880, 13905850, 13760557, NULL),
('PL202309025', 'NV025', 9, 2023, 26, 0, 1116752, 0, 197166, 1563453, 500000, 0, 0, 14890027, 14943326, 14746160, NULL),
('PL202309026', 'NV026', 9, 2023, 26, 0, 0, 0, 42912, 1332531, 500000, 0, 0, 12690773, 11858242, 11815330, NULL),
('PL202309027', 'NV027', 9, 2023, 26, 0, 0, 2000000, 165529, 1620237, 500000, 0, 0, 15430827, 14310590, 12145060, NULL),
('PL202309028', 'NV028', 9, 2023, 26, 0, 0, 0, 42912, 1332531, 500000, 0, 0, 12690773, 11858242, 11815330, NULL),
('PL202309029', 'NV029', 9, 2023, 26, 0, 0, 0, 165529, 1620237, 500000, 0, 0, 15430827, 14310590, 14145060, NULL),
('PL202309030', 'NV030', 9, 2023, 26, 0, 0, 0, 141329, 1563453, 500000, 0, 0, 14890027, 13826574, 13685245, NULL),
('PL202309031', 'NV031', 9, 2023, 26, 0, 951808, 1500000, 90503, 1332531, 500000, 0, 0, 12690773, 12810050, 11219548, NULL),
('PL202309032', 'NV032', 9, 2023, 27, 0, 700128, 2000000, 0, 601474, 500000, 0, 0, 5728320, 6326974, 4326974, NULL),
('PL202309033', 'NV033', 9, 2023, 26, 0, 0, 0, 0, 866902, 500000, 0, 0, 8256213, 7889311, 7889311, NULL),
('PL202309034', 'NV034', 9, 2023, 26, 0, 0, 0, 33232, 1309818, 500000, 0, 0, 12474453, 11664636, 11631404, NULL),
('PL202309035', 'NV035', 9, 2023, 26, 0, 0, 0, 0, 980470, 500000, 0, 0, 9337813, 8857343, 8857343, NULL),
('PL202309036', 'NV036', 9, 2023, 26, 0, 0, 1000000, 0, 673837, 500000, 0, 0, 6417493, 6243657, 5243657, NULL),
('PL202309037', 'NV037', 9, 2023, 26, 0, 0, 0, 218029, 1620237, 1550000, 0, 0, 15430827, 15360590, 15142560, NULL),
('PL202310001', 'NV001', 10, 2023, 26, 1, 2856672, 0, 1268965, 2475782, 500000, 0, 0, 23578880, 24459770, 23190804, NULL),
('PL202310002', 'NV002', 10, 2023, 25, 2, 773136, 0, 384830, 1932840, 500000, 0, 400000, 18408000, 17348296, 16963466, NULL),
('PL202310003', 'NV003', 10, 2023, 27, 0, 1441024, 0, 295033, 1702210, 500000, 0, 0, 16211520, 16450334, 16155301, NULL),
('PL202310004', 'NV004', 10, 2023, 26, 1, 1827488, 0, 182688, 1446099, 500000, 0, 0, 13772373, 14653762, 14471074, NULL),
('PL202310005', 'NV005', 10, 2023, 24, 3, 2224768, 0, 115143, 1334861, 500000, 0, 800000, 12712960, 13302867, 13187724, NULL),
('PL202310006', 'NV006', 10, 2023, 27, 0, 773136, 0, 205614, 1623586, 500000, 0, 0, 15462720, 15112270, 14906657, NULL),
('PL202310007', 'NV007', 10, 2023, 26, 1, 0, 0, 75180, 1408243, 500000, 0, 0, 13411840, 12503597, 12428417, NULL),
('PL202310008', 'NV008', 10, 2023, 26, 1, 1007552, 0, 109859, 1309818, 1025000, 0, 0, 12474453, 13197188, 13087328, NULL),
('PL202310009', 'NV009', 10, 2023, 25, 2, 0, 1000000, 95701, 1503320, 500000, 0, 400000, 14317333, 12914013, 11818313, NULL),
('PL202310010', 'NV010', 10, 2023, 25, 2, 1511328, 0, 67328, 1259440, 500000, 0, 400000, 11994667, 12346555, 12279227, NULL),
('PL202310011', 'NV011', 10, 2023, 26, 1, 1655264, 0, 115995, 1309818, 500000, 0, 0, 12474453, 13319900, 13203905, NULL),
('PL202310012', 'NV012', 10, 2023, 28, 0, 2476032, 0, 245149, 1516570, 500000, 0, 0, 14443520, 15902982, 15657833, NULL),
('PL202310013', 'NV013', 10, 2023, 25, 2, 541632, 0, 59178, 1354080, 500000, 0, 400000, 12896000, 12183552, 12124374, NULL),
('PL202310014', 'NV014', 10, 2023, 26, 1, 1246336, 0, 227846, 1620237, 500000, 0, 0, 15430827, 15556926, 15329080, NULL),
('PL202310015', 'NV015', 10, 2023, 27, 0, 2670720, 0, 401249, 1682554, 500000, 0, 0, 16024320, 17512486, 17111238, NULL),
('PL202310016', 'NV016', 10, 2023, 25, 2, 512512, 0, 26695, 1281280, 500000, 0, 400000, 12202667, 11533899, 11507204, NULL),
('PL202310017', 'NV017', 10, 2023, 25, 2, 1246336, 0, 181287, 1557920, 500000, 0, 400000, 14837333, 14625749, 14444462, NULL),
('PL202310018', 'NV018', 10, 2023, 26, 1, 801216, 0, 205590, 1620237, 500000, 0, 0, 15430827, 15111806, 14906216, NULL),
('PL202310019', 'NV019', 10, 2023, 24, 3, 1537536, 0, 36103, 1230029, 500000, 0, 800000, 11714560, 11722067, 11685964, NULL),
('PL202310020', 'NV020', 10, 2023, 27, 0, 1424384, 0, 276615, 1682554, 500000, 0, 0, 16024320, 16266150, 15989535, NULL),
('PL202310021', 'NV021', 10, 2023, 24, 3, 0, 500000, 0, 1230029, 500000, 0, 800000, 11714560, 10184531, 9684531, NULL),
('PL202310022', 'NV022', 10, 2023, 26, 1, 1151488, 0, 90806, 1309818, 500000, 0, 0, 12474453, 12816124, 12725318, NULL),
('PL202310023', 'NV023', 10, 2023, 25, 2, 2405312, 0, 215966, 1503320, 500000, 0, 400000, 14317333, 15319325, 15103359, NULL),
('PL202310024', 'NV024', 10, 2023, 27, 0, 1171456, 0, 123328, 1383782, 500000, 0, 0, 13178880, 13466554, 13343226, NULL),
('PL202310025', 'NV025', 10, 2023, 22, 5, 0, 0, 0, 1322922, 500000, 0, 1600000, 12599253, 10176332, 10176332, NULL),
('PL202310026', 'NV026', 10, 2023, 26, 1, 512512, 0, 68538, 1332531, 500000, 0, 0, 12690773, 12370754, 12302216, NULL),
('PL202310027', 'NV027', 10, 2023, 26, 1, 0, 0, 165529, 1620237, 500000, 0, 0, 15430827, 14310590, 14145060, NULL),
('PL202310028', 'NV028', 10, 2023, 26, 1, 0, 0, 42912, 1332531, 500000, 0, 0, 12690773, 11858242, 11815330, NULL),
('PL202310029', 'NV029', 10, 2023, 25, 2, 2047552, 0, 221348, 1557920, 500000, 0, 400000, 14837333, 15426965, 15205617, NULL),
('PL202310030', 'NV030', 10, 2023, 25, 2, 1202656, 2000000, 155833, 1503320, 500000, 0, 400000, 14317333, 14116669, 11960836, NULL),
('PL202310031', 'NV031', 10, 2023, 25, 2, 512512, 0, 26695, 1281280, 500000, 0, 400000, 12202667, 11533899, 11507204, NULL),
('PL202310032', 'NV032', 10, 2023, 27, 0, 731952, 0, 0, 601474, 500000, 0, 0, 5728320, 6358798, 6358798, NULL),
('PL202310033', 'NV033', 10, 2023, 26, 1, 0, 0, 0, 866902, 500000, 0, 0, 8256213, 7889311, 7889311, NULL),
('PL202310034', 'NV034', 10, 2023, 25, 2, 503776, 0, 16950, 1259440, 500000, 0, 400000, 11994667, 11339003, 11322053, NULL),
('PL202310035', 'NV035', 10, 2023, 26, 1, 377104, 0, 0, 980470, 500000, 0, 0, 9337813, 9234447, 9234447, NULL),
('PL202310036', 'NV036', 10, 2023, 26, 1, 666432, 0, 0, 673837, 500000, 0, 0, 6417493, 6910089, 6910089, NULL),
('PL202310037', 'NV037', 10, 2023, 27, 0, 623168, 0, 351493, 1682554, 1550000, 500000, 0, 16024320, 17014934, 16663441, NULL);

-- --------------------------------------------------------

--
-- Table structure for table `phieu_ung_luong`
--

CREATE TABLE `phieu_ung_luong` (
  `MaPhieu` varchar(13) NOT NULL,
  `MaNV` varchar(10) NOT NULL,
  `NgayUng` date NOT NULL,
  `LyDo` text NOT NULL,
  `SoTien` decimal(18,0) NOT NULL,
  `Duyet` bit(1) NOT NULL
) ENGINE=InnoDB DEFAULT CHARSET=utf8 COLLATE=utf8_general_ci;

--
-- Dumping data for table `phieu_ung_luong`
--

INSERT INTO `phieu_ung_luong` (`MaPhieu`, `MaNV`, `NgayUng`, `LyDo`, `SoTien`, `Duyet`) VALUES
('UL20230816008', 'NV008', '2023-08-16', 'Thm ngoi nhp vin', 1000000, b'1'),
('UL20230816033', 'NV033', '2023-08-16', 'V qu m tang ngi thn', 1000000, b'1'),
('UL20230817007', 'NV007', '2023-08-17', 'V sp sinh em b', 1500000, b'1'),
('UL20230818035', 'NV035', '2023-08-18', 'n m ci ngi yu c', 500000, b'1'),
('UL20230915031', 'NV031', '2023-09-15', 'Khm rng nh k', 1500000, b'1'),
('UL20230916032', 'NV032', '2023-09-16', 'Tr n gia nh', 2000000, b'1'),
('UL20230916036', 'NV036', '2023-09-16', 'Khm mt', 1000000, b'1'),
('UL20230918027', 'NV027', '2023-09-18', 'Lo tin hc cho con', 2000000, b'1'),
('UL20230919012', 'NV012', '2023-09-19', 'Mua thuc cho con', 500000, b'1'),
('UL20230919016', 'NV016', '2023-09-19', 'Khm bnh', 2000000, b'1'),
('UL20231015030', 'NV030', '2023-10-15', 'chm chng nhp vin t xut', 2000000, b'1'),
('UL20231017009', 'NV009', '2023-10-17', 'Tr n c nhn', 1000000, b'1'),
('UL20231018021', 'NV021', '2023-10-18', 'n m ci ca bn', 500000, b'1');

-- --------------------------------------------------------

--
-- Table structure for table `phong_ban`
--

CREATE TABLE `phong_ban` (
  `MaPhong` varchar(10) NOT NULL,
  `TenPhong` varchar(50) NOT NULL
) ENGINE=InnoDB DEFAULT CHARSET=utf8 COLLATE=utf8_general_ci;

--
-- Dumping data for table `phong_ban`
--

INSERT INTO `phong_ban` (`MaPhong`, `TenPhong`) VALUES
('CSKH', 'Chm Sc Khch Hng'),
('DDT', 'in No, in C, Thnh Lc, Nh Lng'),
('HC', 'Hu Cn '),
('HCNS', 'Phng Hnh Chnh - Nhn S'),
('KN', 'Khoa Nhi'),
('KTMH', 'Khoa Tai - Mi - Hng'),
('KXN', 'Khoa Xt Nghim '),
('KXQ', 'Khoa X-Quang K Thut S '),
('NS', 'Ni Soi Tiu Ha '),
('NTQ', 'Khoa Ngoi Tng Qut '),
('NVT', 'Ni Tng Qut V Tim Mch '),
('PDD', 'Phng iu Dng'),
('PDH', 'Phng iu Hnh'),
('PLB', 'Phng Lu Bnh'),
('RHM', 'Rng - Hm - Mt '),
('SPK', 'Sn Ph Khoa '),
('TCKT', 'Phng Ti Chnh - K Ton');

-- --------------------------------------------------------

--
-- Table structure for table `tai_khoan`
--

CREATE TABLE `tai_khoan` (
  `TenTK` varchar(10) NOT NULL,
  `MatKhau` varchar(15) NOT NULL,
  `LoaiTK` varchar(5) NOT NULL,
  `MaNV` varchar(10) NOT NULL
) ENGINE=InnoDB DEFAULT CHARSET=utf8 COLLATE=utf8_general_ci;

--
-- Dumping data for table `tai_khoan`
--

INSERT INTO `tai_khoan` (`TenTK`, `MatKhau`, `LoaiTK`, `MaNV`) VALUES
('ADMIN', 'admin123', 'AD', 'NV001'),
('KT001', 'KT044202002104', 'KT', 'NV004'),
('NV001', 'giamdoc', 'NV', 'NV001'),
('NV003', '123456789', 'NV', 'NV003'),
('NV004', '044202002104', 'NV', 'NV004'),
('NV005', '056202012213', 'NV', 'NV005'),
('NV006', '052799186751', 'NV', 'NV006'),
('NV007', '051431001117', 'NV', 'NV007'),
('NV008', '059394680701', 'NV', 'NV008'),
('NV009', '051104781797', 'NV', 'NV009'),
('NV010', '056867051066', 'NV', 'NV010'),
('NV011', '054328405118', 'NV', 'NV011'),
('NV012', '051181881507', 'NV', 'NV012'),
('NV013', '056852689543', 'NV', 'NV013'),
('NV014', '057490393886', 'NV', 'NV014'),
('NV015', '059329480913', 'NV', 'NV015'),
('NV016', '052386900412', 'NV', 'NV016'),
('NV017', '051525664201', 'NV', 'NV017'),
('NV018', '055322616077', 'NV', 'NV018'),
('NV019', '052927729620', 'NV', 'NV019'),
('NV020', '053034602357', 'NV', 'NV020'),
('NV021', '058356115696', 'NV', 'NV021'),
('NV022', '052224532871', 'NV', 'NV022'),
('NV023', '054043773763', 'NV', 'NV023'),
('NV024', '051563838764', 'NV', 'NV024'),
('NV025', '058205046700', 'NV', 'NV025'),
('NV026', '057583428501', 'NV', 'NV026'),
('NV027', '058681034344', 'NV', 'NV027'),
('NV028', '051582659572', 'NV', 'NV028'),
('NV029', '056579282184', 'NV', 'NV029'),
('NV030', '058599901644', 'NV', 'NV030'),
('NV031', '058743366563', 'NV', 'NV031'),
('NV032', '050243447709', 'NV', 'NV032'),
('NV033', '057737442648', 'NV', 'NV033'),
('NV034', '052085530205', 'NV', 'NV034'),
('NV035', '057189032008', 'NV', 'NV035'),
('NV036', '58205046777', 'NV', 'NV036'),
('QL001', 'QL054334056526', 'QL', 'NV003');

-- --------------------------------------------------------

--
-- Table structure for table `tang_ca`
--

CREATE TABLE `tang_ca` (
  `MaTC` varchar(13) NOT NULL,
  `MaNV` varchar(10) NOT NULL,
  `NgayTC` date NOT NULL,
  `LoaiTC` tinyint(1) NOT NULL
) ENGINE=InnoDB DEFAULT CHARSET=utf8 COLLATE=utf8_general_ci;

--
-- Dumping data for table `tang_ca`
--

INSERT INTO `tang_ca` (`MaTC`, `MaNV`, `NgayTC`, `LoaiTC`) VALUES
('TC20230807003', 'NV003', '2023-08-07', 0),
('TC20230807005', 'NV005', '2023-08-07', 0),
('TC20230807012', 'NV012', '2023-08-07', 0),
('TC20230807015', 'NV015', '2023-08-07', 0),
('TC20230807021', 'NV021', '2023-08-07', 0),
('TC20230807022', 'NV022', '2023-08-07', 0),
('TC20230807026', 'NV026', '2023-08-07', 0),
('TC20230807029', 'NV029', '2023-08-07', 0),
('TC20230811004', 'NV004', '2023-08-11', 0),
('TC20230811006', 'NV006', '2023-08-11', 0),
('TC20230811010', 'NV010', '2023-08-11', 0),
('TC20230811012', 'NV012', '2023-08-11', 0),
('TC20230811015', 'NV015', '2023-08-11', 0),
('TC20230811017', 'NV017', '2023-08-11', 0),
('TC20230811019', 'NV019', '2023-08-11', 0),
('TC20230811020', 'NV020', '2023-08-11', 0),
('TC20230811026', 'NV026', '2023-08-11', 0),
('TC20230811027', 'NV027', '2023-08-11', 0),
('TC20230811028', 'NV028', '2023-08-11', 0),
('TC20230811033', 'NV033', '2023-08-11', 0),
('TC20230813036', 'NV036', '2023-08-13', 1),
('TC20230816005', 'NV005', '2023-08-16', 0),
('TC20230816008', 'NV008', '2023-08-16', 0),
('TC20230816010', 'NV010', '2023-08-16', 0),
('TC20230816013', 'NV013', '2023-08-16', 0),
('TC20230816016', 'NV016', '2023-08-16', 0),
('TC20230817009', 'NV009', '2023-08-17', 0),
('TC20230817023', 'NV023', '2023-08-17', 0),
('TC20230817024', 'NV024', '2023-08-17', 0),
('TC20230817026', 'NV026', '2023-08-17', 0),
('TC20230817029', 'NV029', '2023-08-17', 0),
('TC20230817030', 'NV030', '2023-08-17', 0),
('TC20230817032', 'NV032', '2023-08-17', 0),
('TC20230818002', 'NV002', '2023-08-18', 0),
('TC20230818004', 'NV004', '2023-08-18', 0),
('TC20230818007', 'NV007', '2023-08-18', 0),
('TC20230818011', 'NV011', '2023-08-18', 0),
('TC20230818014', 'NV014', '2023-08-18', 0),
('TC20230818016', 'NV016', '2023-08-18', 0),
('TC20230822019', 'NV019', '2023-08-22', 0),
('TC20230822024', 'NV024', '2023-08-22', 0),
('TC20230826010', 'NV010', '2023-08-26', 0),
('TC20230826014', 'NV014', '2023-08-26', 0),
('TC20230826021', 'NV021', '2023-08-26', 0),
('TC20230827001', 'NV001', '2023-08-27', 1),
('TC20230827004', 'NV004', '2023-08-27', 1),
('TC20230902010', 'NV010', '2023-09-02', 2),
('TC20230902011', 'NV011', '2023-09-02', 2),
('TC20230902016', 'NV016', '2023-09-02', 2),
('TC20230902019', 'NV019', '2023-09-02', 2),
('TC20230902024', 'NV024', '2023-09-02', 2),
('TC20230902025', 'NV025', '2023-09-02', 2),
('TC20230902031', 'NV031', '2023-09-02', 2),
('TC20230902032', 'NV032', '2023-09-02', 2),
('TC20230904005', 'NV005', '2023-09-04', 0),
('TC20230905011', 'NV011', '2023-09-05', 0),
('TC20230910005', 'NV005', '2023-09-10', 1),
('TC20230910009', 'NV009', '2023-09-10', 1),
('TC20230910016', 'NV016', '2023-09-10', 1),
('TC20230910021', 'NV021', '2023-09-10', 1),
('TC20230910024', 'NV024', '2023-09-10', 1),
('TC20230910032', 'NV032', '2023-09-10', 1),
('TC20230920005', 'NV005', '2023-09-20', 0),
('TC20230925005', 'NV005', '2023-09-25', 0),
('TC20231001003', 'NV003', '2023-10-01', 1),
('TC20231001012', 'NV012', '2023-10-01', 1),
('TC20231001015', 'NV015', '2023-10-01', 1),
('TC20231001020', 'NV020', '2023-10-01', 1),
('TC20231001024', 'NV024', '2023-10-01', 1),
('TC20231001029', 'NV029', '2023-10-01', 1),
('TC20231001032', 'NV032', '2023-10-01', 1),
('TC20231008004', 'NV004', '2023-10-08', 1),
('TC20231008011', 'NV011', '2023-10-08', 1),
('TC20231008036', 'NV036', '2023-10-08', 1),
('TC20231009005', 'NV005', '2023-10-09', 0),
('TC20231009010', 'NV010', '2023-10-09', 0),
('TC20231009019', 'NV019', '2023-10-09', 0),
('TC20231009024', 'NV024', '2023-10-09', 0),
('TC20231010001', 'NV001', '2023-10-10', 0),
('TC20231010005', 'NV005', '2023-10-10', 0),
('TC20231010030', 'NV030', '2023-10-10', 0),
('TC20231010034', 'NV034', '2023-10-10', 0),
('TC20231011011', 'NV011', '2023-10-11', 0),
('TC20231011015', 'NV015', '2023-10-11', 0),
('TC20231011023', 'NV023', '2023-10-11', 0),
('TC20231012010', 'NV010', '2023-10-12', 0),
('TC20231012015', 'NV015', '2023-10-12', 0),
('TC20231012019', 'NV019', '2023-10-12', 0),
('TC20231014004', 'NV004', '2023-10-14', 0),
('TC20231014014', 'NV014', '2023-10-14', 0),
('TC20231014019', 'NV019', '2023-10-14', 0),
('TC20231014029', 'NV029', '2023-10-14', 0),
('TC20231014031', 'NV031', '2023-10-14', 0),
('TC20231016005', 'NV005', '2023-10-16', 0),
('TC20231016008', 'NV008', '2023-10-16', 0),
('TC20231016012', 'NV012', '2023-10-16', 0),
('TC20231016023', 'NV023', '2023-10-16', 0),
('TC20231016029', 'NV029', '2023-10-16', 0),
('TC20231021014', 'NV014', '2023-10-21', 0),
('TC20231022006', 'NV006', '2023-10-22', 1),
('TC20231022012', 'NV012', '2023-10-22', 1),
('TC20231022018', 'NV018', '2023-10-22', 1),
('TC20231022022', 'NV022', '2023-10-22', 1),
('TC20231022036', 'NV036', '2023-10-22', 1),
('TC20231024001', 'NV001', '2023-10-24', 0),
('TC20231024002', 'NV002', '2023-10-24', 0),
('TC20231024008', 'NV008', '2023-10-24', 0),
('TC20231024013', 'NV013', '2023-10-24', 0),
('TC20231024017', 'NV017', '2023-10-24', 0),
('TC20231024023', 'NV023', '2023-10-24', 0),
('TC20231024032', 'NV032', '2023-10-24', 0),
('TC20231025001', 'NV001', '2023-10-25', 0),
('TC20231025003', 'NV003', '2023-10-25', 0),
('TC20231025010', 'NV010', '2023-10-25', 0),
('TC20231025012', 'NV012', '2023-10-25', 0),
('TC20231025015', 'NV015', '2023-10-25', 0),
('TC20231025023', 'NV023', '2023-10-25', 0),
('TC20231025032', 'NV032', '2023-10-25', 0),
('TC20231025037', 'NV037', '2023-10-25', 0),
('TC20231028004', 'NV004', '2023-10-28', 0),
('TC20231028017', 'NV017', '2023-10-28', 0),
('TC20231028020', 'NV020', '2023-10-28', 0),
('TC20231031005', 'NV005', '2023-10-31', 0),
('TC20231031011', 'NV011', '2023-10-31', 0),
('TC20231031016', 'NV016', '2023-10-31', 0),
('TC20231031022', 'NV022', '2023-10-31', 0),
('TC20231031026', 'NV026', '2023-10-31', 0),
('TC20231031030', 'NV030', '2023-10-31', 0),
('TC20231031035', 'NV035', '2023-10-31', 0),
('TC20231102001', 'NV001', '2023-11-02', 0),
('TC20231102005', 'NV005', '2023-11-02', 0),
('TC20231103011', 'NV011', '2023-11-03', 0),
('TC20231103019', 'NV019', '2023-11-03', 0),
('TC20231105001', 'NV001', '2023-11-05', 1),
('TC20231105003', 'NV003', '2023-11-05', 1),
('TC20231105012', 'NV012', '2023-11-05', 1),
('TC20231105022', 'NV022', '2023-11-05', 1),
('TC20231105027', 'NV027', '2023-11-05', 1),
('TC20231105033', 'NV033', '2023-11-05', 1),
('TC20231105036', 'NV036', '2023-11-05', 1),
('TC20231107006', 'NV006', '2023-11-07', 0),
('TC20231107011', 'NV011', '2023-11-07', 0),
('TC20231107017', 'NV017', '2023-11-07', 0),
('TC20231111006', 'NV006', '2023-11-11', 0),
('TC20231111010', 'NV010', '2023-11-11', 0),
('TC20231111019', 'NV019', '2023-11-11', 0),
('TC20231111023', 'NV023', '2023-11-11', 0);

-- --------------------------------------------------------

--
-- Table structure for table `tham_so`
--

CREATE TABLE `tham_so` (
  `MaTS` varchar(10) NOT NULL,
  `TenTS` varchar(50) NOT NULL,
  `DVT` varchar(10) NOT NULL,
  `GiaTri` varchar(200) NOT NULL,
  `TinhTrang` bit(1) NOT NULL
) ENGINE=InnoDB DEFAULT CHARSET=utf8 COLLATE=utf8_general_ci;

--
-- Dumping data for table `tham_so`
--

INSERT INTO `tham_so` (`MaTS`, `TenTS`, `DVT`, `GiaTri`, `TinhTrang`) VALUES
('TS001', 'Lng ti thiu vng', 'ng', '4160000', b'1'),
('TS002', 'Tr cp xng ', 'ng', '500001', b'1'),
('TS003', 'Tr cp con', 'ng', '350001', b'1'),
('TS004', 'nh mc vng', 'Ngy', '1', b'1'),
('TS005', 'n gi pht', 'ng', '400001', b'1'),
('TS006', 'Phn trm bo him nhn vin', 'Phn trm', '10.5', b'1'),
('TS007', 'Mc lng ng thu', 'ng', '11000000', b'1'),
('TS008', 'Mc thu bc 1', 'ng', '5000000', b'1'),
('TS009', 'Mc thu bc 2', 'ng', '10000000', b'1'),
('TS010', 'Mc thu bc 3', 'ng', '18000000', b'1'),
('TS011', 'Mc thu bc 4', 'ng', '32000000', b'1'),
('TS012', 'Mc thu bc 5', 'ng', '52000000', b'1'),
('TS013', 'Mc thu bc 6', 'ng', '80000000', b'1'),
('TS014', 'S thu phi ng bc 1', 'Phn trm', '5', b'1'),
('TS015', 'S thu phi ng bc 2', 'Phn trm', '10', b'1'),
('TS016', 'S thu phi ng bc 3', 'Phn trm', '15', b'1'),
('TS017', 'S thu phi ng bc 4', 'Phn trm', '20', b'1'),
('TS018', 'S thu phi ng bc 5', 'Phn trm', '25', b'1'),
('TS019', 'S thu phi ng bc 6', 'Phn trm', '30', b'1'),
('TS020', 'S thu phi ng bc 7', 'Phn trm', '35', b'1'),
('TS021', 'Gim tr thu phi ng bc 2', 'ng', '250000', b'1'),
('TS022', 'Gim tr thu phi ng bc 3', 'ng', '750000', b'1'),
('TS023', 'Gim tr thu phi ng bc 4', 'ng', '1650000', b'1'),
('TS024', 'Gim tr thu phi ng bc 5', 'ng', '3250000', b'1'),
('TS025', 'Gim tr thu phi ng bc 6', 'ng', '5850000', b'1'),
('TS026', 'Gim tr thu phi ng bc 7', 'ng', '9850000', b'1'),
('TS027', 'Tui nam ti thiu', 'Tui', '20', b'1'),
('TS028', 'Tui n ti thiu', 'Tui', '18', b'1'),
('TS029', 'Tui nam ti a', 'Tui', '60', b'1'),
('TS030', 'Tui n ti a', 'Tui', '55', b'1');

-- --------------------------------------------------------

--
-- Table structure for table `thong_bao`
--

CREATE TABLE `thong_bao` (
  `MaTB` int(11) NOT NULL,
  `NoiDung` text NOT NULL,
  `NguoiGui` varchar(10) NOT NULL,
  `NguoiNhan` varchar(10) NOT NULL,
  `LoaiTKNguoiNhan` varchar(5) NOT NULL,
  `TinhTrang` bit(1) NOT NULL DEFAULT b'0',
  `ThoiGianGui` datetime NOT NULL DEFAULT current_timestamp()
) ENGINE=InnoDB DEFAULT CHARSET=utf8 COLLATE=utf8_general_ci;

--
-- Dumping data for table `thong_bao`
--

INSERT INTO `thong_bao` (`MaTB`, `NoiDung`, `NguoiGui`, `NguoiNhan`, `LoaiTKNguoiNhan`, `TinhTrang`, `ThoiGianGui`) VALUES
(43, 'NV004 ng 2312312  vi l do mua o m cho b ni', 'NV004', 'NV004', 'KT', b'1', '2023-11-02 12:10:45'),
(44, 'Tin lng thng 8 ca bn  c tnh', 'NV004', 'NV001', 'NV', b'1', '2023-11-11 22:09:27'),
(46, 'Tin lng thng 8 ca bn  c tnh', 'NV004', 'NV003', 'NV', b'0', '2023-11-11 22:09:49'),
(47, 'Tin lng thng 8 ca bn  c tnh', 'NV004', 'NV004', 'NV', b'0', '2023-11-11 22:11:17'),
(49, 'Tin lng thng 8 ca bn  c tnh', 'NV004', 'NV006', 'NV', b'0', '2023-11-11 22:12:52'),
(50, 'Tin lng thng 8 ca bn  c tnh', 'NV004', 'NV007', 'NV', b'0', '2023-11-11 22:13:01'),
(51, 'Tin lng thng 8 ca bn  c tnh', 'NV004', 'NV008', 'NV', b'0', '2023-11-11 22:13:12'),
(52, 'Tin lng thng 8 ca bn  c tnh', 'NV004', 'NV009', 'NV', b'0', '2023-11-11 22:13:22'),
(53, 'Tin lng thng 8 ca bn  c tnh', 'NV004', 'NV010', 'NV', b'0', '2023-11-11 22:13:30'),
(54, 'Tin lng thng 8 ca bn  c tnh', 'NV004', 'NV011', 'NV', b'0', '2023-11-11 22:13:38'),
(55, 'Tin lng thng 8 ca bn  c tnh', 'NV004', 'NV012', 'NV', b'0', '2023-11-11 22:13:47'),
(56, 'Tin lng thng 8 ca bn  c tnh', 'NV004', 'NV013', 'NV', b'0', '2023-11-11 22:13:58'),
(57, 'Tin lng thng 8 ca bn  c tnh', 'NV004', 'NV014', 'NV', b'0', '2023-11-11 22:14:07'),
(58, 'Tin lng thng 8 ca bn  c tnh', 'NV004', 'NV015', 'NV', b'0', '2023-11-11 22:14:15'),
(59, 'Tin lng thng 8 ca bn  c tnh', 'NV004', 'NV016', 'NV', b'0', '2023-11-11 22:14:24'),
(60, 'Tin lng thng 8 ca bn  c tnh', 'NV004', 'NV017', 'NV', b'0', '2023-11-11 22:14:35'),
(61, 'Tin lng thng 8 ca bn  c tnh', 'NV004', 'NV018', 'NV', b'0', '2023-11-11 22:14:43'),
(62, 'Tin lng thng 8 ca bn  c tnh', 'NV004', 'NV019', 'NV', b'0', '2023-11-11 22:14:50'),
(63, 'Tin lng thng 8 ca bn  c tnh', 'NV004', 'NV020', 'NV', b'0', '2023-11-11 22:14:59'),
(64, 'Tin lng thng 8 ca bn  c tnh', 'NV004', 'NV021', 'NV', b'0', '2023-11-11 22:15:07'),
(65, 'Tin lng thng 8 ca bn  c tnh', 'NV004', 'NV022', 'NV', b'0', '2023-11-11 22:15:18'),
(66, 'Tin lng thng 8 ca bn  c tnh', 'NV004', 'NV023', 'NV', b'0', '2023-11-11 22:15:27'),
(67, 'Tin lng thng 8 ca bn  c tnh', 'NV004', 'NV024', 'NV', b'0', '2023-11-11 22:16:10'),
(68, 'Tin lng thng 8 ca bn  c tnh', 'NV004', 'NV025', 'NV', b'0', '2023-11-11 22:16:22'),
(69, 'Tin lng thng 8 ca bn  c tnh', 'NV004', 'NV026', 'NV', b'0', '2023-11-11 22:16:46'),
(70, 'Tin lng thng 8 ca bn  c tnh', 'NV004', 'NV027', 'NV', b'0', '2023-11-11 22:16:55'),
(71, 'Tin lng thng 8 ca bn  c tnh', 'NV004', 'NV028', 'NV', b'0', '2023-11-11 22:17:05'),
(72, 'Tin lng thng 8 ca bn  c tnh', 'NV004', 'NV029', 'NV', b'0', '2023-11-11 22:17:30'),
(73, 'Tin lng thng 8 ca bn  c tnh', 'NV004', 'NV030', 'NV', b'0', '2023-11-11 22:17:40'),
(74, 'Tin lng thng 8 ca bn  c tnh', 'NV004', 'NV031', 'NV', b'0', '2023-11-11 22:17:47'),
(75, 'Tin lng thng 8 ca bn  c tnh', 'NV004', 'NV032', 'NV', b'0', '2023-11-11 22:17:58'),
(76, 'Tin lng thng 8 ca bn  c tnh', 'NV004', 'NV033', 'NV', b'0', '2023-11-11 22:18:09'),
(77, 'Tin lng thng 8 ca bn  c tnh', 'NV004', 'NV034', 'NV', b'0', '2023-11-11 22:18:17'),
(78, 'Tin lng thng 8 ca bn  c tnh', 'NV004', 'NV035', 'NV', b'0', '2023-11-11 22:18:25'),
(81, 'Tin lng thng 8 ca bn  c tnh', 'NV004', 'NV004', 'NV', b'0', '2023-11-11 22:28:44'),
(82, 'Phiu ng lng ca bn  c duyt', 'NV004', 'NV008', 'NV', b'0', '2023-11-11 22:29:12'),
(83, 'Phiu ng lng ca bn  c duyt', 'NV004', 'NV033', 'NV', b'0', '2023-11-11 22:29:13'),
(84, 'Phiu ng lng ca bn  c duyt', 'NV004', 'NV007', 'NV', b'0', '2023-11-11 22:29:14'),
(85, 'Phiu ng lng ca bn  c duyt', 'NV004', 'NV035', 'NV', b'0', '2023-11-11 22:29:15'),
(86, 'Phiu ng lng ca bn  c duyt', 'NV004', 'NV031', 'NV', b'0', '2023-11-11 22:29:15'),
(87, 'Phiu ng lng ca bn  c duyt', 'NV004', 'NV032', 'NV', b'0', '2023-11-11 22:29:17'),
(89, 'Phiu ng lng ca bn  c duyt', 'NV004', 'NV027', 'NV', b'0', '2023-11-11 22:29:22'),
(90, 'Phiu ng lng ca bn  c duyt', 'NV004', 'NV012', 'NV', b'0', '2023-11-11 22:29:23'),
(91, 'Phiu ng lng ca bn  c duyt', 'NV004', 'NV016', 'NV', b'0', '2023-11-11 22:29:24'),
(92, 'Phiu ng lng ca bn  c duyt', 'NV004', 'NV030', 'NV', b'0', '2023-11-11 22:29:24'),
(93, 'Phiu ng lng ca bn  c duyt', 'NV004', 'NV009', 'NV', b'0', '2023-11-11 22:29:25'),
(94, 'Phiu ng lng ca bn  c duyt', 'NV004', 'NV021', 'NV', b'0', '2023-11-11 22:29:26'),
(95, 'Tin lng thng 9 ca bn  c tnh', 'NV004', 'NV001', 'NV', b'1', '2023-11-11 22:32:13'),
(97, 'Tin lng thng 9 ca bn  c tnh', 'NV004', 'NV003', 'NV', b'0', '2023-11-11 22:32:27'),
(98, 'Tin lng thng 9 ca bn  c tnh', 'NV004', 'NV004', 'NV', b'0', '2023-11-11 22:33:09'),
(100, 'Tin lng thng 9 ca bn  c tnh', 'NV004', 'NV006', 'NV', b'0', '2023-11-11 22:33:46'),
(101, 'Tin lng thng 9 ca bn  c tnh', 'NV004', 'NV007', 'NV', b'0', '2023-11-11 22:33:55'),
(102, 'Tin lng thng 9 ca bn  c tnh', 'NV004', 'NV008', 'NV', b'0', '2023-11-11 22:34:03'),
(103, 'Tin lng thng 9 ca bn  c tnh', 'NV004', 'NV009', 'NV', b'0', '2023-11-11 22:34:15'),
(104, 'Tin lng thng 9 ca bn  c tnh', 'NV004', 'NV010', 'NV', b'0', '2023-11-11 22:34:26'),
(105, 'Tin lng thng 9 ca bn  c tnh', 'NV004', 'NV011', 'NV', b'0', '2023-11-11 22:34:37'),
(106, 'Tin lng thng 9 ca bn  c tnh', 'NV004', 'NV012', 'NV', b'0', '2023-11-11 22:34:45'),
(107, 'Tin lng thng 9 ca bn  c tnh', 'NV004', 'NV013', 'NV', b'0', '2023-11-11 22:34:53'),
(108, 'Tin lng thng 9 ca bn  c tnh', 'NV004', 'NV014', 'NV', b'0', '2023-11-11 22:35:01'),
(109, 'Tin lng thng 9 ca bn  c tnh', 'NV004', 'NV015', 'NV', b'0', '2023-11-11 22:35:08'),
(110, 'Tin lng thng 9 ca bn  c tnh', 'NV004', 'NV016', 'NV', b'0', '2023-11-11 22:35:16'),
(111, 'Tin lng thng 9 ca bn  c tnh', 'NV004', 'NV017', 'NV', b'0', '2023-11-11 22:35:28'),
(112, 'Tin lng thng 9 ca bn  c tnh', 'NV004', 'NV018', 'NV', b'0', '2023-11-11 22:35:36'),
(113, 'Tin lng thng 9 ca bn  c tnh', 'NV004', 'NV019', 'NV', b'0', '2023-11-11 22:35:45'),
(114, 'Tin lng thng 9 ca bn  c tnh', 'NV004', 'NV020', 'NV', b'0', '2023-11-11 22:35:53'),
(115, 'Tin lng thng 9 ca bn  c tnh', 'NV004', 'NV021', 'NV', b'0', '2023-11-11 22:36:01'),
(116, 'Tin lng thng 9 ca bn  c tnh', 'NV004', 'NV022', 'NV', b'0', '2023-11-11 22:36:09'),
(117, 'Tin lng thng 9 ca bn  c tnh', 'NV004', 'NV023', 'NV', b'0', '2023-11-11 22:36:17'),
(118, 'Tin lng thng 9 ca bn  c tnh', 'NV004', 'NV023', 'NV', b'0', '2023-11-11 22:36:20'),
(119, 'Tin lng thng 9 ca bn  c tnh', 'NV004', 'NV024', 'NV', b'0', '2023-11-11 22:36:27'),
(120, 'Tin lng thng 9 ca bn  c tnh', 'NV004', 'NV025', 'NV', b'0', '2023-11-11 22:36:40'),
(121, 'Tin lng thng 9 ca bn  c tnh', 'NV004', 'NV026', 'NV', b'0', '2023-11-11 22:36:49'),
(122, 'Tin lng thng 9 ca bn  c tnh', 'NV004', 'NV027', 'NV', b'0', '2023-11-11 22:36:57'),
(123, 'Tin lng thng 9 ca bn  c tnh', 'NV004', 'NV028', 'NV', b'0', '2023-11-11 22:37:05'),
(124, 'Tin lng thng 9 ca bn  c tnh', 'NV004', 'NV029', 'NV', b'0', '2023-11-11 22:37:13'),
(125, 'Tin lng thng 9 ca bn  c tnh', 'NV004', 'NV030', 'NV', b'0', '2023-11-11 22:37:20'),
(126, 'Tin lng thng 9 ca bn  c tnh', 'NV004', 'NV031', 'NV', b'0', '2023-11-11 22:37:28'),
(127, 'Tin lng thng 9 ca bn  c tnh', 'NV004', 'NV032', 'NV', b'0', '2023-11-11 22:37:36'),
(128, 'Tin lng thng 9 ca bn  c tnh', 'NV004', 'NV033', 'NV', b'0', '2023-11-11 22:37:45'),
(129, 'Tin lng thng 9 ca bn  c tnh', 'NV004', 'NV034', 'NV', b'0', '2023-11-11 22:37:52'),
(130, 'Tin lng thng 9 ca bn  c tnh', 'NV004', 'NV035', 'NV', b'0', '2023-11-11 22:38:02'),
(133, 'Tin lng thng 10 ca bn  c tnh', 'NV004', 'NV001', 'NV', b'1', '2023-11-11 22:38:38'),
(135, 'Tin lng thng 10 ca bn  c tnh', 'NV004', 'NV003', 'NV', b'0', '2023-11-11 22:38:53'),
(136, 'Tin lng thng 10 ca bn  c tnh', 'NV004', 'NV004', 'NV', b'0', '2023-11-11 22:39:01'),
(138, 'Tin lng thng 10 ca bn  c tnh', 'NV004', 'NV006', 'NV', b'0', '2023-11-11 22:39:18'),
(139, 'Tin lng thng 10 ca bn  c tnh', 'NV004', 'NV007', 'NV', b'0', '2023-11-11 22:39:27'),
(140, 'Tin lng thng 10 ca bn  c tnh', 'NV004', 'NV008', 'NV', b'0', '2023-11-11 22:39:54'),
(141, 'Tin lng thng 10 ca bn  c tnh', 'NV004', 'NV009', 'NV', b'0', '2023-11-11 22:40:05'),
(142, 'Tin lng thng 10 ca bn  c tnh', 'NV004', 'NV010', 'NV', b'0', '2023-11-11 22:40:12'),
(143, 'Tin lng thng 10 ca bn  c tnh', 'NV004', 'NV011', 'NV', b'0', '2023-11-11 22:40:20'),
(144, 'Tin lng thng 10 ca bn  c tnh', 'NV004', 'NV012', 'NV', b'0', '2023-11-11 22:40:27'),
(145, 'Tin lng thng 10 ca bn  c tnh', 'NV004', 'NV013', 'NV', b'0', '2023-11-11 22:40:35'),
(146, 'Tin lng thng 10 ca bn  c tnh', 'NV004', 'NV014', 'NV', b'0', '2023-11-11 22:40:43'),
(147, 'Tin lng thng 10 ca bn  c tnh', 'NV004', 'NV015', 'NV', b'0', '2023-11-11 22:40:50'),
(148, 'Tin lng thng 10 ca bn  c tnh', 'NV004', 'NV016', 'NV', b'0', '2023-11-11 22:41:00'),
(149, 'Tin lng thng 10 ca bn  c tnh', 'NV004', 'NV017', 'NV', b'0', '2023-11-11 22:41:11'),
(150, 'Tin lng thng 10 ca bn  c tnh', 'NV004', 'NV018', 'NV', b'0', '2023-11-11 22:41:21'),
(151, 'Tin lng thng 10 ca bn  c tnh', 'NV004', 'NV019', 'NV', b'0', '2023-11-11 22:41:30'),
(152, 'Tin lng thng 10 ca bn  c tnh', 'NV004', 'NV020', 'NV', b'0', '2023-11-11 22:41:37'),
(153, 'Tin lng thng 10 ca bn  c tnh', 'NV004', 'NV021', 'NV', b'0', '2023-11-11 22:41:47'),
(154, 'Tin lng thng 10 ca bn  c tnh', 'NV004', 'NV022', 'NV', b'0', '2023-11-11 22:41:54'),
(155, 'Tin lng thng 10 ca bn  c tnh', 'NV004', 'NV023', 'NV', b'0', '2023-11-11 22:42:09'),
(156, 'Tin lng thng 10 ca bn  c tnh', 'NV004', 'NV024', 'NV', b'0', '2023-11-11 22:42:16'),
(157, 'Tin lng thng 10 ca bn  c tnh', 'NV004', 'NV025', 'NV', b'0', '2023-11-11 22:42:33'),
(158, 'Tin lng thng 10 ca bn  c tnh', 'NV004', 'NV026', 'NV', b'0', '2023-11-11 22:42:40'),
(159, 'Tin lng thng 10 ca bn  c tnh', 'NV004', 'NV027', 'NV', b'0', '2023-11-11 22:43:20'),
(160, 'Tin lng thng 10 ca bn  c tnh', 'NV004', 'NV028', 'NV', b'0', '2023-11-11 22:43:28'),
(161, 'Tin lng thng 10 ca bn  c tnh', 'NV004', 'NV029', 'NV', b'0', '2023-11-11 22:43:38'),
(162, 'Tin lng thng 10 ca bn  c tnh', 'NV004', 'NV030', 'NV', b'0', '2023-11-11 22:43:49'),
(163, 'Tin lng thng 10 ca bn  c tnh', 'NV004', 'NV031', 'NV', b'0', '2023-11-11 22:44:03'),
(164, 'Tin lng thng 10 ca bn  c tnh', 'NV004', 'NV032', 'NV', b'0', '2023-11-11 22:44:11'),
(165, 'Tin lng thng 10 ca bn  c tnh', 'NV004', 'NV033', 'NV', b'0', '2023-11-11 22:44:21'),
(166, 'Tin lng thng 10 ca bn  c tnh', 'NV004', 'NV034', 'NV', b'0', '2023-11-11 22:44:29'),
(167, 'Tin lng thng 10 ca bn  c tnh', 'NV004', 'NV035', 'NV', b'0', '2023-11-11 22:44:37');

--
-- Indexes for dumped tables
--

--
-- Indexes for table `cham_cong`
--
ALTER TABLE `cham_cong`
  ADD PRIMARY KEY (`MaCong`),
  ADD KEY `MaNV` (`MaNV`);

--
-- Indexes for table `chuc_vu`
--
ALTER TABLE `chuc_vu`
  ADD PRIMARY KEY (`MaChucVu`);

--
-- Indexes for table `dat_lai_mat_khau`
--
ALTER TABLE `dat_lai_mat_khau`
  ADD PRIMARY KEY (`MaDL`),
  ADD UNIQUE KEY `index_token` (`Token`),
  ADD KEY `dat_lai_mat_khau_ibfk_1` (`Email`);

--
-- Indexes for table `nhan_vien`
--
ALTER TABLE `nhan_vien`
  ADD PRIMARY KEY (`MaNV`),
  ADD KEY `MaPhong` (`MaPhong`),
  ADD KEY `MaChucVu` (`MaChucVu`),
  ADD KEY `Email` (`Email`);

--
-- Indexes for table `phieu_luong`
--
ALTER TABLE `phieu_luong`
  ADD PRIMARY KEY (`MaPhieuLuong`),
  ADD KEY `MaNV` (`MaNV`);

--
-- Indexes for table `phieu_ung_luong`
--
ALTER TABLE `phieu_ung_luong`
  ADD PRIMARY KEY (`MaPhieu`),
  ADD KEY `MaNV` (`MaNV`);

--
-- Indexes for table `phong_ban`
--
ALTER TABLE `phong_ban`
  ADD PRIMARY KEY (`MaPhong`);

--
-- Indexes for table `tai_khoan`
--
ALTER TABLE `tai_khoan`
  ADD PRIMARY KEY (`TenTK`),
  ADD KEY `MaNV` (`MaNV`);

--
-- Indexes for table `tang_ca`
--
ALTER TABLE `tang_ca`
  ADD PRIMARY KEY (`MaTC`),
  ADD KEY `MaNV` (`MaNV`);

--
-- Indexes for table `tham_so`
--
ALTER TABLE `tham_so`
  ADD PRIMARY KEY (`MaTS`);

--
-- Indexes for table `thong_bao`
--
ALTER TABLE `thong_bao`
  ADD PRIMARY KEY (`MaTB`),
  ADD KEY `MaNguoiGui` (`NguoiGui`,`NguoiNhan`),
  ADD KEY `NguoiNhan` (`NguoiNhan`);

--
-- AUTO_INCREMENT for dumped tables
--

--
-- AUTO_INCREMENT for table `dat_lai_mat_khau`
--
ALTER TABLE `dat_lai_mat_khau`
  MODIFY `MaDL` int(11) NOT NULL AUTO_INCREMENT, AUTO_INCREMENT=141;

--
-- AUTO_INCREMENT for table `thong_bao`
--
ALTER TABLE `thong_bao`
  MODIFY `MaTB` int(11) NOT NULL AUTO_INCREMENT, AUTO_INCREMENT=173;

--
-- Constraints for dumped tables
--

--
-- Constraints for table `cham_cong`
--
ALTER TABLE `cham_cong`
  ADD CONSTRAINT `cham_cong_ibfk_1` FOREIGN KEY (`MaNV`) REFERENCES `nhan_vien` (`MaNV`);

--
-- Constraints for table `dat_lai_mat_khau`
--
ALTER TABLE `dat_lai_mat_khau`
  ADD CONSTRAINT `dat_lai_mat_khau_ibfk_1` FOREIGN KEY (`Email`) REFERENCES `nhan_vien` (`Email`);

--
-- Constraints for table `nhan_vien`
--
ALTER TABLE `nhan_vien`
  ADD CONSTRAINT `nhan_vien_ibfk_1` FOREIGN KEY (`MaChucVu`) REFERENCES `chuc_vu` (`MaChucVu`),
  ADD CONSTRAINT `nhan_vien_ibfk_2` FOREIGN KEY (`MaPhong`) REFERENCES `phong_ban` (`MaPhong`);

--
-- Constraints for table `phieu_luong`
--
ALTER TABLE `phieu_luong`
  ADD CONSTRAINT `phieu_luong_ibfk_1` FOREIGN KEY (`MaNV`) REFERENCES `nhan_vien` (`MaNV`);

--
-- Constraints for table `phieu_ung_luong`
--
ALTER TABLE `phieu_ung_luong`
  ADD CONSTRAINT `phieu_ung_luong_ibfk_1` FOREIGN KEY (`MaNV`) REFERENCES `nhan_vien` (`MaNV`);

--
-- Constraints for table `tai_khoan`
--
ALTER TABLE `tai_khoan`
  ADD CONSTRAINT `tai_khoan_ibfk_1` FOREIGN KEY (`MaNV`) REFERENCES `nhan_vien` (`MaNV`);

--
-- Constraints for table `tang_ca`
--
ALTER TABLE `tang_ca`
  ADD CONSTRAINT `tang_ca_ibfk_1` FOREIGN KEY (`MaNV`) REFERENCES `nhan_vien` (`MaNV`);

--
-- Constraints for table `thong_bao`
--
ALTER TABLE `thong_bao`
  ADD CONSTRAINT `thong_bao_ibfk_1` FOREIGN KEY (`NguoiGui`) REFERENCES `tai_khoan` (`MaNV`) ON DELETE CASCADE ON UPDATE CASCADE,
  ADD CONSTRAINT `thong_bao_ibfk_2` FOREIGN KEY (`NguoiNhan`) REFERENCES `tai_khoan` (`MaNV`) ON DELETE CASCADE ON UPDATE CASCADE;
COMMIT;

/*!40101 SET CHARACTER_SET_CLIENT=@OLD_CHARACTER_SET_CLIENT */;
/*!40101 SET CHARACTER_SET_RESULTS=@OLD_CHARACTER_SET_RESULTS */;
/*!40101 SET COLLATION_CONNECTION=@OLD_COLLATION_CONNECTION */;
